day,month,year,Temperature,RH,Ws,Rain ,FFMC,DMC,DC,ISI,BUI,FWI,Classes  
1,1,2012,1,6,0,0,1055.8,32.3,324,13.8,57.6,28.3,fire
2,1,2012,2,5,1,0,1056.2,32.6,325.2,13.9,58,28.5,fire
3,1,2012,3,4,2,0,1056.6,32.9,326.4,14,58.4,28.7,fire
4,1,2012,4,3,3,0,1057,33.2,327.6,14.1,58.8,28.9,fire
5,1,2012,5,2,4,0,1057.4,33.5,328.8,14.2,59.2,29.1,fire
6,1,2012,6,1,5,0,1057.8,33.8,330,14.3,59.6,29.3,fire
7,1,2012,7,0,6,0,1058.2,34.1,331.2,14.4,60,29.5,fire
8,1,2012,8,10,7,0,1058.6,34.4,332.4,14.5,60.4,29.7,fire
9,1,2012,9,9,8,0,1059,34.7,333.6,14.6,60.8,29.9,fire
10,1,2012,10,8,9,0,1059.4,35,334.8,14.7,61.2,30.1,fire
11,1,2012,11,7,10,0,1059.8,35.3,336,14.8,61.6,30.3,fire
12,1,2012,12,6,11,0,1060.2,35.6,337.2,14.9,62,30.5,fire
13,1,2012,13,5,12,0,1060.6,35.9,338.4,15,62.4,30.7,fire
14,1,2012,14,4,13,0,1061,36.2,339.6,15.1,62.8,30.9,fire
15,1,2012,15,3,14,0,1061.4,36.5,340.8,15.2,63.2,31.1,fire
16,1,2012,16,2,15,0,1061.8,36.8,342,15.3,63.6,31.3,fire
17,1,2012,17,1,16,0,1062.2,37.1,343.2,15.4,64,31.5,fire
18,1,2012,18,0,17,0,1062.6,37.4,344.4,15.5,64.4,31.7,fire
19,1,2012,19,10,18,0,1063,37.7,345.6,15.6,64.8,31.9,fire
20,1,2012,20,9,19,0,1063.4,38,346.8,15.7,65.2,32.1,fire
21,1,2012,21,8,20,0,1063.8,38.3,348,15.8,65.6,32.3,fire
22,1,2012,22,7,21,0,1064.2,38.6,349.2,15.9,66,32.5,fire
23,1,2012,23,6,22,0,1064.6,38.9,350.4,16,66.4,32.7,fire
24,1,2012,24,5,23,0,1065,39.2,351.6,16.1,66.8,32.9,fire
25,1,2012,25,4,24,0,1065.4,39.5,352.8,16.2,67.2,33.1,fire
26,1,2012,26,3,25,0,1065.8,39.8,354,16.3,67.6,33.3,fire
27,1,2012,27,2,26,0,1066.2,40.1,355.2,16.4,68,33.5,fire
28,1,2012,28,1,27,0,1066.6,40.4,356.4,16.5,68.4,33.7,fire
29,1,2012,29,0,28,0,1067,40.7,357.6,16.6,68.8,33.9,fire
30,1,2012,30,10,29,0,1067.4,41,358.8,16.7,69.2,34.1,fire
31,1,2012,31,9,30,0,1067.8,41.3,360,16.8,69.6,34.3,fire
01,02,2012,24,74,11,0,76.5,4.4,17.9,2.7,7.2,2.2,not fire
02,02,2012,22,80,14,0,67.9,3.9,18.6,0.6,6.7,0.4,not fire
03,02,2012,21,81,16,0,63.7,3.4,19.8,0.5,6.2,0.3,not fire
04,02,2012,23,74,14,0,67.2,3.6,22.1,0.6,7.4,0.5,not fire
05,02,2012,24,67,17,0,72.2,5,24.3,1.3,8.5,1,not fire
06,02,2012,26,61,18,0,78.1,6.9,25.6,2.2,9.6,2,not fire
07,02,2012,25,68,14,0,78.2,7.4,27.2,2.5,10.5,2.4,not fire
08,02,2012,27,57,17,0,85.3,9.5,27.7,4.1,11.4,4.2,fire
09,02,2012,28,55,14,0,87.5,11.7,28.4,5.6,12.3,5.9,fire
10,02,2012,29,52,14,0,89.4,13.3,29.1,6.7,13.2,7.1,fire
11,02,2012,30,51,13,0,90.9,14.6,29.8,7.7,13.9,8,fire
12,02,2012,31,49,13,0,91.5,15.5,30.5,8.3,14.4,8.6,fire
13,02,2012,32,46,14,0,92.1,16.5,31.2,8.9,14.9,9.2,fire
14,02,2012,32,47,13,0,91.8,16.2,31.8,8.6,14.7,9.1,fire
15,02,2012,33,45,14,0,92.3,17.2,32.5,9.2,15.3,9.7,fire
16,02,2012,32,49,13,0,91.9,16.5,33.2,8.8,15,9.4,fire
17,02,2012,31,51,14,0,90.8,15.5,33.9,7.7,14.3,8.5,fire
18,02,2012,30,53,16,0,88.6,13.3,34.6,6.4,12.8,6.9,fire
19,02,2012,28,59,18,0,84.3,9.5,35.3,4.3,10.9,4.8,fire
20,02,2012,27,63,20,0,79.6,6.4,35.9,2.8,9.4,2.9,not fire
21,02,2012,26,68,18,0,76.5,4.4,36.5,1.8,8.2,1.9,not fire
22,02,2012,25,71,16,0,73.9,3.2,36.8,1,7.2,1,not fire
23,02,2012,24,74,14,0,71.7,2.3,36.8,0.6,6.6,0.5,not fire
24,02,2012,23,77,12,0,70.1,1.6,36.8,0.4,6.1,0.3,not fire
25,02,2012,23,78,11,0,69,1.3,36.8,0.3,5.7,0.2,not fire
26,02,2012,22,79,10,0,68,1,36.8,0.2,5.4,0.1,not fire
27,02,2012,21,81,10,0,66.8,0.8,36.8,0.1,5.1,0.1,not fire
28,02,2012,21,81,10,0,66.8,0.8,36.8,0.1,5.1,0.1,not fire
29,02,2012,21,81,10,0,66.8,0.8,36.8,0.1,5.1,0.1,not fire
01,03,2012,20,83,10,0,65.5,2.4,36.8,0.2,5.5,0.2,not fire
02,03,2012,20,84,11,0,64.8,2.2,36.8,0.2,5.3,0.2,not fire
03,03,2012,21,81,12,0,66.7,2.6,36.8,0.2,5.9,0.3,not fire
04,03,2012,22,77,14,0,69.7,3.1,36.8,0.3,6.6,0.4,not fire
05,03,2012,23,74,15,0,72.9,3.8,36.8,0.4,7.3,0.5,not fire
06,03,2012,24,71,16,0,75.8,4.5,36.8,0.6,8,0.7,not fire
07,03,2012,25,68,18,0,78.2,5.3,36.8,0.8,8.7,1,not fire
08,03,2012,26,65,20,0,80.3,6.2,36.8,1,9.4,1.3,not fire
09,03,2012,27,61,22,0,82,7.2,36.8,1.3,10,1.6,not fire
10,03,2012,28,57,23,0,83.5,8.1,36.8,1.5,10.5,1.8,not fire
11,03,2012,29,54,24,0,84.8,9.1,36.8,1.7,11,2.1,not fire
12,03,2012,30,51,25,0,86,10.1,36.8,1.9,11.4,2.3,not fire
13,03,2012,31,49,26,0,86.9,11.1,36.8,2,11.8,2.6,not fire
14,03,2012,32,46,27,0,87.7,12.1,36.8,2.2,12.1,2.8,not fire
15,03,2012,32,47,26,0,87.4,11.9,37.2,2.1,12.2,2.8,not fire
16,03,2012,33,45,27,0,88.1,12.8,37.6,2.3,12.6,3,not fire
17,03,2012,32,49,26,0,87.6,12.1,38.1,2.1,12.5,2.9,not fire
18,03,2012,31,51,27,0,86.7,11.2,38.6,1.9,12.2,2.7,not fire
19,03,2012,30,54,28,0,85.6,10.2,39.1,1.7,11.9,2.5,not fire
20,03,2012,29,57,28,0,84.3,9.1,39.6,1.5,11.4,2.2,not fire
21,03,2012,28,60,29,0,82.8,8.1,40.1,1.3,10.9,1.9,not fire
22,03,2012,27,63,29,0,81,6.9,40.5,1,10.2,1.5,not fire
23,03,2012,26,66,30,0,79.3,5.8,40.9,0.9,9.6,1.3,not fire
24,03,2012,25,69,29,0,76.8,4.7,41.3,0.7,8.9,1,not fire
25,03,2012,24,71,27,0,74.7,3.9,41.7,0.6,8.3,0.8,not fire
26,03,2012,23,74,26,0,72.9,3.2,42,0.5,7.8,0.6,not fire
27,03,2012,22,76,24,0,71.1,2.7,42.3,0.4,7.3,0.5,not fire
28,03,2012,22,78,22,0,70.3,2.3,42.6,0.3,7,0.4,not fire
29,03,2012,21,80,20,0,69.3,1.9,42.9,0.3,6.7,0.3,not fire
30,03,2012,21,81,18,0,68.6,1.7,43.2,0.2,6.5,0.3,not fire
31,03,2012,20,83,17,0,67.6,1.4,43.5,0.2,6.2,0.2,not fire
01,04,2012,20,84,16,0,69.4,3.2,43.8,0.3,7.2,0.4,not fire
02,04,2012,20,85,17,0,68.8,3,44.1,0.3,7.1,0.4,not fire
03,04,2012,21,83,18,0,69.7,3.4,44.4,0.4,7.4,0.5,not fire
04,04,2012,22,80,19,0,71.1,3.9,44.7,0.5,7.8,0.6,not fire
05,04,2012,23,77,20,0,72.7,4.5,45,0.6,8.2,0.7,not fire
06,04,2012,24,74,22,0,74.6,5.2,45.3,0.8,8.7,1,not fire
07,04,2012,25,71,23,0,76.5,6,45.6,1,9.2,1.2,not fire
08,04,2012,26,67,25,0,78.4,6.9,45.9,1.2,9.7,1.5,not fire
09,04,2012,27,63,27,0,80.2,7.9,46.2,1.4,10.2,1.7,not fire
10,04,2012,28,59,29,0,81.9,9,46.5,1.6,10.6,2,not fire
11,04,2012,29,56,30,0,83.4,10,46.8,1.8,11,2.2,not fire
12,04,2012,30,53,32,0,84.8,11.1,47.1,2,11.4,2.5,not fire
13,04,2012,31,50,33,0,85.9,12.1,47.3,2.1,11.7,2.7,not fire
14,04,2012,32,48,34,0,86.9,13.1,47.6,2.3,12.1,2.9,not fire
15,04,2012,32,46,35,0,87.6,14.1,47.9,2.5,12.5,3.1,not fire
16,04,2012,33,44,36,0,88.3,15.1,48.2,2.7,12.8,3.3,not fire
17,04,2012,33,43,37,0,88.8,16,48.5,2.8,13.1,3.5,not fire
18,04,2012,34,41,38,0,89.3,17,48.8,3,13.4,3.7,not fire
19,04,2012,34,41,39,0,89.7,17.9,49.1,3.1,13.7,3.9,not fire
20,04,2012,35,39,40,0,90.1,18.8,49.3,3.3,14,4,not fire
21,04,2012,35,39,41,0,90.4,19.7,49.6,3.4,14.2,4.2,not fire
22,04,2012,36,37,42,0,90.7,20.5,49.9,3.6,14.5,4.4,not fire
23,04,2012,36,36,43,0,91,21.3,50.2,3.7,14.7,4.5,not fire
24,04,2012,36,35,44,0,91.2,22.1,50.5,3.8,14.9,4.7,not fire
25,04,2012,37,34,45,0,91.4,22.9,50.8,4,15.1,4.8,not fire
26,04,2012,37,33,46,0,91.6,23.7,51.1,4.1,15.3,5,not fire
27,04,2012,37,32,47,0,91.8,24.5,51.4,4.2,15.5,5.1,not fire
28,04,2012,38,31,48,0,91.9,25.2,51.6,4.3,15.7,5.3,not fire
29,04,2012,38,31,49,0,92,25.9,51.9,4.4,15.8,5.4,not fire
30,04,2012,38,30,50,0,92.1,26.6,52.2,4.5,16,5.6,not fire
01,05,2012,23,83,13,0,82.6,4.1,45.3,0.6,8.2,0.7,not fire
02,05,2012,24,80,14,0,83.7,5.1,45.6,0.8,8.5,0.9,not fire
03,05,2012,25,77,16,0,84.9,6.2,45.9,1,8.8,1.1,not fire
04,05,2012,26,74,17,0,86,7.3,46.2,1.2,9.1,1.3,not fire
05,05,2012,27,71,19,0,87.1,8.4,46.5,1.4,9.4,1.5,not fire
06,05,2012,28,68,21,0,88.1,9.5,46.8,1.6,9.7,1.8,not fire
07,05,2012,29,65,22,0,89,10.6,47.1,1.8,10,2,not fire
08,05,2012,30,62,24,0,89.9,11.7,47.4,2,10.2,2.2,not fire
09,05,2012,31,60,25,0,90.6,12.7,47.7,2.1,10.5,2.4,not fire
10,05,2012,31,58,26,0,91.4,13.8,48,2.3,10.7,2.6,not fire
11,05,2012,32,56,27,0,92.1,14.8,48.3,2.5,10.9,2.8,not fire
12,05,2012,32,54,28,0,92.7,15.8,48.5,2.6,11.1,3,not fire
13,05,2012,33,53,29,0,93.3,16.8,48.8,2.8,11.3,3.1,not fire
14,05,2012,33,51,30,0,93.9,17.8,49.1,2.9,11.5,3.3,not fire
15,05,2012,34,50,31,0,94.4,18.8,49.4,3.1,11.7,3.5,not fire
16,05,2012,34,49,32,0,94.9,19.8,49.6,3.2,11.9,3.7,not fire
17,05,2012,34,48,32,0,95.3,20.8,49.9,3.3,12,3.8,not fire
18,05,2012,35,47,33,0,95.7,21.7,50.2,3.5,12.2,4,not fire
19,05,2012,35,46,34,0,96,22.7,50.5,3.6,12.3,4.1,not fire
20,05,2012,35,46,35,0,96.3,23.6,50.7,3.7,12.5,4.3,not fire
21,05,2012,36,45,35,0,96.6,24.5,51,3.8,12.6,4.4,not fire
22,05,2012,36,44,36,0,96.8,25.4,51.3,3.9,12.7,4.5,not fire
23,05,2012,36,44,36,0,97,26.3,51.6,4,12.9,4.7,not fire
24,05,2012,36,43,37,0,97.2,27.1,51.8,4.1,13,4.8,not fire
25,05,2012,36,43,37,0,97.3,27.9,52.1,4.2,13.1,4.9,not fire
26,05,2012,36,42,38,0,97.4,28.7,52.4,4.3,13.2,5,not fire
27,05,2012,36,42,38,0,97.5,29.5,52.7,4.4,13.3,5.1,not fire
28,05,2012,36,41,39,0,97.6,30.3,53,4.5,13.4,5.2,not fire
29,05,2012,36,41,39,0,97.6,31,53.3,4.5,13.5,5.3,not fire
30,05,2012,36,41,40,0,97.7,31.7,53.6,4.6,13.6,5.4,not fire
31,05,2012,36,40,40,0,97.8,32.4,53.9,4.7,13.7,5.5,not fire
01,06,2012,29,57,18,0,65.7,3.4,7.6,1.3,3.4,0.5,not fire   
02,06,2012,29,61,13,1.3,64.4,4.1,7.6,1,3.9,0.4,not fire   
03,06,2012,26,82,22,13.1,47.1,2.5,7.1,0.3,2.7,0.1,not fire   
04,06,2012,25,89,13,2.5,28.6,1.3,6.9,0,1.7,0,not fire   
05,06,2012,27,77,16,0,64.8,3,14.2,1.2,3.9,0.5,not fire   
06,06,2012,31,67,14,0,82.6,5.8,22.2,3.1,7,2.5,fire   
07,06,2012,33,54,13,0,88.2,9.9,30.5,6.4,10.9,7.2,fire   
08,06,2012,30,73,15,0,86.6,12.1,38.3,5.6,13.5,7.1,fire   
09,06,2012,25,88,13,0.2,52.9,7.9,38.8,0.4,10.5,0.3,not fire   
10,06,2012,28,79,12,0,73.2,9.5,46.3,1.3,12.6,0.9,not fire   
11,06,2012,31,65,14,0,84.5,12.5,54.3,4,15.8,5.6,fire   
12,06,2012,26,81,19,0,84,13.8,61.4,4.8,17.7,7.1 ,fire   
13,06,2012,27,84,21,1.2,50,6.7,17,0.5,6.7,0.2,not fire   
14,06,2012,30,78,20,0.5,59,4.6,7.8,1,4.4,0.4,not fire   
15,06,2012,28,80,17,3.1,49.4,3,7.4,0.4,3,0.1,not fire   
16,06,2012,29,89,13,0.7,36.1,1.7,7.6,0,2.2,0,not fire   
17,06,2012,30,89,16,0.6,37.3,1.1,7.8,0,1.6,0,not fire   
18,06,2012,31,78,14,0.3,56.9,1.9,8,0.7,2.4,0.2,not fire   
19,06,2012,31,55,16,0.1,79.9,4.5,16,2.5,5.3,1.4,not fire   
20,06,2012,30,80,16,0.4,59.8,3.4,27.1,0.9,5.1,0.4,not fire   
21,06,2012,30,78,14,0,81,6.3,31.6,2.6,8.4,2.2,fire   
22,06,2012,31,67,17,0.1,79.1,7,39.5,2.4,9.7,2.3,not fire   
23,06,2012,32,62,18,0.1,81.4,8.2,47.7,3.3,11.5,3.8,fire   
24,06,2012,32,66,17,0,85.9,11.2,55.8,5.6,14.9,7.5,fire   
25,06,2012,31,64,15,0,86.7,14.2,63.8,5.7,18.3,8.4,fire   
26,06,2012,31,64,18,0,86.8,17.8,71.8,6.7,21.6,10.6,fire   
27,06,2012,34,53,18,0,89,21.6,80.3,9.2,25.8,15,fire   
28,06,2012,32,55,14,0,89.1,25.5,88.5,7.6,29.7,13.9,fire   
29,06,2012,32,47,13,0.3,79.9,18.4,84.4,2.2,23.8,3.9,not fire   
30,06,2012,33,50,14,0,88.7,22.9,92.8,7.2,28.3,12.9,fire   
01,07,2012,29,68,19,1,59.9,2.5,8.6,1.1,2.9,0.4,not fire   
02,07,2012,27,75,19,1.2,55.7,2.4,8.3,0.8,2.8,0.3,not fire   
03,07,2012,32,76,20,0.7,63.1,2.6,9.2,1.3,3,0.5,not fire   
04,07,2012,33,78,17,0,80.1,4.6,18.5,2.7,5.7,1.7,not fire   
05,07,2012,33,66,14,0,85.9,7.6,27.9,4.8,9.1,4.9,fire   
06,07,2012,32,63,14,0,87,10.9,37,5.6,12.5,6.8,fire   
07,07,2012,35,64,18,0.2,80,9.7,40.4,2.8,12.1,3.2,not fire   
08,07,2012,33,68,19,0,85.6,12.5,49.8,6,15.4,8,fire   
09,07,2012,32,68,14,1.4,66.6,7.7,9.2,1.1,7.4,0.6,not fire   
10,07,2012,33,69,13,0.7,66.6,6,9.3,1.1,5.8,0.5,not fire   
11,07,2012,33,76,14,0,81.1,8.1,18.7,2.6,8.1,2.2,not fire   
12,07,2012,31,75,13,0.1,75.1,7.9,27.7,1.5,9.2,0.9,not fire   
13,07,2012,34,81,15,0,81.8,9.7,37.2,3,11.7,3.4,not fire   
14,07,2012,34,61,13,0.6,73.9,7.8,22.9,1.4,8.4,0.8,not fire   
15,07,2012,30,80,19,0.4,60.7,5.2,17,1.1,5.9,0.5,not fire   
16,07,2012,28,76,21,0,72.6,7,25.5,0.7,8.3,0.4,not fire   
17,07,2012,29,70,14,0,82.8,9.4,34.1,3.2,11.1,3.6,fire   
18,07,2012,31,68,14,0,85.4,12.1,43.1,4.6,14.2,6,fire   
19,07,2012,35,59,17,0,88.1,12,52.8,7.7,18.2,10.9,fire   
20,07,2012,33,65,15,0.1,81.4,12.3,62.1,2.8,16.5,4,fire   
21,07,2012,33,70,17,0,85.4,18.5,71.5,5.2,22.4,8.8,fire   
22,07,2012,28,79,18,0.1,73.4,16.4,79.9,1.8,21.7,2.8,not fire   
23,07,2012,27,66,22,0.4,68.2,10.5,71.3,1.8,15.4,2.1,not fire   
24,07,2012,28,78,16,0.1,70,9.6,79.7,1.4,14.7,1.3,not fire   
25,07,2012,31,65,18,0,84.3,12.5,88.7,4.8,18.5,7.3,fire   
26,07,2012,36,53,19,0,89.2,17.1,98.6,10,23.9,15.3,fire   
27,07,2012,36,48,13,0,90.3,22.2,108.5,8.7,29.4,15.3,fire   
28,07,2012,33,76,15,0,86.5,24.4,117.8,5.6,32.1,11.3,fire   
29,07,2012,32,73,15,0,86.6,26.7,127,5.6,35,11.9,fire   
30,07,2012,31,79,15,0,85.4,28.5,136,4.7,37.4,10.7,fire   
31,07,2012,35,64,17,0,87.2,31.9,145.7,6.8,41.2,15.7,fire   
01,08,2012,36,45,14,0,78.8,4.8,10.2,2,4.7,0.9,not fire   
02,08,2012,35,55,12,0.4,78,5.8,10,1.7,5.5,0.8,not fire   
03,08,2012,35,63,14,0.3,76.6,5.7,10,1.7,5.5,0.8,not fire   
04,08,2012,34,69,13,0,85,8.2,19.8,4,8.2,3.9,fire   
05,08,2012,34,65,13,0,86.8,11.1,29.7,5.2,11.5,6.1,fire   
06,08,2012,32,75,14,0,86.4,13,39.1,5.2,14.2,6.8,fire   
07,08,2012,32,69,16,0,86.5,15.5,48.6,5.5,17.2,8,fire   
08,08,2012,32,60,18,0.3,77.1,11.3,47,2.2,14.1,2.6,not fire   
09,08,2012,35,59,17,0,87.4,14.8,57,6.9,17.9,9.9,fire   
10,08,2012,35,55,14,0,88.9,18.6,67,7.4,21.9,11.6,fire   
11,08,2012,35,63,13,0,88.9,21.7,77,7.1,25.5,12.1,fire   
12,08,2012,35,51,13,0.3,81.3,15.6,75.1,2.5,20.7,4.2,not fire   
13,08,2012,35,63,15,0,87,19,85.1,5.9,24.4,10.2,fire   
14,08,2012,33,66,14,0,87,21.7,94.7,5.7,27.2,10.6,fire   
15,08,2012,36,55,13,0.3,82.4,15.6,92.5,3.7,22,6.3,fire   
16,08,2012,36,61,18,0.3,80.2,11.7,90.4,2.8,17.6,4.2,fire   
17,08,2012,37,52,18,0,89.3,16,100.7,9.7,22.9,14.6,fire   
18,08,2012,36,54,18,0,89.4,20,110.9,9.7,27.5,16.1,fire   
19,08,2012,35,62,19,0,89.4,23.2,120.9,9.7,31.3,17.2,fire   
20,08,2012,35,68,19,0,88.3,25.9,130.6,8.8,34.7,16.8,fire   
21,08,2012,36,58,19,0,88.6,29.6,141.1,9.2,38.8,18.4,fire   
22,08,2012,36,55,18,0,89.1,33.5,151.3,9.9,43.1,20.4,fire   
23,08,2012,36,53,16,0,89.5,37.6,161.5,10.4,47.5,22.3,fire
24,08,2012,34,64,14,0,88.9,40.5,171.3,9,50.9,20.9,fire   
25,08,2012,35,60,15,0,88.9,43.9,181.3,8.2,54.7,20.3,fire
26,08,2012,31,78,18,0,85.8,45.6,190.6,4.7,57.1,13.7,fire 
27,08,2012,33,82,21,0,84.9,47,200.2,4.4,59.3,13.2,fire
28,08,2012,34,64,16,0,89.4,50.2,210.4,7.3,62.9,19.9,fire 
29,08,2012,35,48,18,0,90.1,54.2,220.4,12.5,67.4,30.2,fire   
30,08,2012,35,70,17,0.8,72.7,25.2,180.4,1.7,37.4,4.2,not fire   
31,08,2012,28,80,21,16.8,52.5,8.7,8.7,0.6,8.3,0.3,not fire
01,09,2012,25,76,17,7.2,46,1.3,7.5,0.2,1.8,0.1,not fire 
02,09,2012,22,86,15,10.1,30.5,0.7,7,0,1.1,0,not fire
03,09,2012,25,78,15,3.8,42.6,1.2,7.5,0.1,1.7,0,not fire   
04,09,2012,29,73,17,0.1,68.4,1.9,15.7,1.4,2.9,0.5,not fire   
05,09,2012,29,75,16,0,80.8,3.4,24,2.8,5.1,1.7,fire   
06,09,2012,29,74,19,0.1,75.8,3.6,32.2,2.1,5.6,0.9,not fire   
07,09,2012,31,71,17,0.3,69.6,3.2,30.1,1.5,5.1,0.6,not fire   
08,09,2012,30,73,17,0.9,62,2.6,8.4,1.1,3,0.4,not fire   
09,09,2012,30,77,15,1,56.1,2.1,8.4,0.7,2.6,0.2,not fire   
10,09,2012,33,73,12,1.8,59.9,2.2,8.9,0.7,2.7,0.3,not fire   
11,09,2012,30,77,21,1.8,58.5,1.9,8.4,1.1,2.4,0.3,not fire   
12,09,2012,29,88,13,0,71,2.6,16.6,1.2,3.7,0.5,not fire   
13,09,2012,25,86,21,4.6,40.9,1.3,7.5,0.1,1.8,0,not fire   
14,09,2012,22,76,26,8.3,47.4,1.1,7,0.4,1.6,0.1,not fire   
15,09,2012,24,82,15,0.4,44.9,0.9,7.3,0.2,1.4,0,not fire   
16,09,2012,30,65,14,0,78.1,3.2,15.7,1.9,4.2,0.8,not fire   
17,09,2012,31,52,14,0,87.7,6.4,24.3,6.2,7.7,5.9,fire   
18,09,2012,32,49,11,0,89.4,9.8,33.1,6.8,11.3,7.7,fire   
19,09,2012,29,57,14,0,89.3,12.5,41.3,7.8,14.2,9.7,fire   
20,09,2012,28,84,18,0,83.8,13.5,49.3,4.5,16,6.3,fire
21,09,2012,31,55,11,0,87.8,16.5,57.9,5.4,19.2,8.3,fire   
22,09,2012,31,50,19,0.6,77.8,10.6,41.4,2.4,12.9,2.8,not fire   
23,09,2012,32,54,11,0.5,73.7,7.9,30.4,1.2,9.6,0.7,not fire   
24,09,2012,29,65,19,0.6,68.3,5.5,15.2,1.5,5.8,0.7,not fire   
25,09,2012,26,81,21,5.8,48.6,3,7.7,0.4,3,0.1,not fire   
26,09,2012,31,54,11,0,82,6,16.3,2.5,6.2,1.7,not fire   
27,09,2012,31,66,11,0,85.7,8.3,24.9,4,9,4.1,fire   
28,09,2012,32,47,14,0.7,77.5,7.1,8.8,1.8,6.8,0.9,not fire   
29,09,2012,26,80,16,1.8,47.4,2.9,7.7,0.3,3,0.1,not fire   
30,09,2012,25,78,14,1.4,45,1.9,7.5,0.2,2.4,0.1,not fire
01,10,2012,29,56,14,0,89.4,12.1,73.3,4.5,26.1,7,not fire
02,10,2012,28,59,13,0,87.8,8.4,71.8,3.4,20.3,5.1,not fire
03,10,2012,29,54,15,0,89.5,13.8,73.4,5.3,27.4,7.7,not fire
04,10,2012,28,57,16,0,88,9.3,71.4,4,21.8,5.6,not fire
05,10,2012,29,54,15,0,89.5,14.7,73.5,5.8,28.2,8,not fire
06,10,2012,29,54,16,0,89.5,15.8,73.7,6.2,29.9,8.5,not fire
07,10,2012,30,50,16,0,91.1,18.3,74,7.3,34.3,10,not fire
08,10,2012,30,52,17,0,90.8,17.3,73.8,6.8,32.1,9.3,not fire
09,10,2012,31,48,18,0,92.1,19.6,74.1,7.8,37,10.6,not fire
10,10,2012,31,49,19,0,91.9,19,73.9,7.6,35.4,10.1,not fire
11,10,2012,31,48,20,0,91.9,19,73.9,7.6,35.4,10.1,not fire
12,10,2012,31,49,20,0,92.4,20.5,74.2,8,39.3,11.1,not fire
13,10,2012,31,50,21,0,92.4,20.6,74.2,8.1,39.5,11.2,not fire
14,10,2012,31,50,21,0,92.5,21.6,74.4,8.3,40.9,11.6,not fire
15,10,2012,31,51,21,0,92.5,22.7,74.6,8.6,42.3,12,not fire
16,10,2012,31,52,22,0,92.5,23.8,74.7,8.8,43.7,12.4,not fire
17,10,2012,31,52,23,0,92.5,24.9,74.9,9,45,12.7,not fire
18,10,2012,30,56,23,0,91.4,22.2,74.7,7.5,40.4,10.9,not fire
19,10,2012,30,56,24,0,91.5,23.1,75,7.7,41.7,11.3,not fire
20,10,2012,30,58,25,0,91.5,24.1,75.2,7.9,42.9,11.7,not fire
21,10,2012,30,57,25,0,91.5,25,75.4,8.1,44.2,12,not fire
22,10,2012,30,59,26,0,91.5,25.9,75.6,8.3,45.5,12.4,not fire
23,10,2012,30,60,27,0,91.5,26.8,75.8,8.5,46.8,12.8,not fire
24,10,2012,30,61,28,0,91.5,27.7,76,8.6,48.1,13.1,not fire
25,10,2012,29,66,28,0,89.9,23.7,75.8,6.7,42.6,10.9,not fire
26,10,2012,29,66,29,0,90.1,24.6,76,6.9,43.9,11.3,not fire
27,10,2012,29,67,30,0,90.2,25.5,76.2,7.1,45.2,11.7,not fire
28,10,2012,29,67,30,0,90.3,26.3,76.4,7.3,46.5,12.1,not fire
29,10,2012,29,68,31,0,90.4,27.2,76.6,7.5,47.8,12.4,not fire
30,10,2012,29,69,31,0,90.4,28.1,76.8,7.7,49.1,12.8,not fire
31,10,2012,29,70,32,0,90.5,29,77,7.9,50.3,13.1,not fire
01,11,2012,28,68,17,0,90.2,28.9,76.7,7.6,50,13,not fire
02,11,2012,28,69,18,0,90.3,29.7,76.9,7.8,51.2,13.3,not fire
03,11,2012,28,70,19,0,90.4,30.6,77.1,8,52.4,13.7,not fire
04,11,2012,28,71,20,0,90.5,31.5,77.3,8.2,53.6,14,not fire
05,11,2012,28,72,21,0,90.6,32.4,77.5,8.4,54.8,14.4,not fire
06,11,2012,28,73,22,0,90.7,33.3,77.7,8.6,56,14.7,not fire
07,11,2012,28,73,23,0,90.8,34.1,77.9,8.8,57.2,15.1,not fire
08,11,2012,28,74,24,0,90.9,35,78.1,9,58.4,15.4,not fire
09,11,2012,28,75,25,0,91,35.9,78.3,9.2,59.6,15.8,not fire
10,11,2012,28,75,26,0,91.1,36.8,78.5,9.4,60.8,16.1,not fire
11,11,2012,28,76,27,0,91.2,37.7,78.7,9.6,62,16.5,not fire
12,11,2012,28,77,28,0,91.3,38.5,78.9,9.8,63.2,16.8,not fire
13,11,2012,28,77,29,0,91.4,39.4,79.1,10,64.4,17.2,not fire
14,11,2012,28,78,30,0,91.5,40.3,79.3,10.2,65.6,17.5,not fire
15,11,2012,28,79,31,0,91.6,41.2,79.5,10.4,66.8,17.9,not fire
16,11,2012,28,80,32,0,91.7,42,79.7,10.6,68,18.2,not fire
17,11,2012,28,80,33,0,91.8,42.9,79.9,10.8,69.2,18.6,not fire
18,11,2012,28,81,34,0,91.9,43.8,80.1,11,70.4,18.9,not fire
19,11,2012,28,82,35,0,92,44.7,80.3,11.2,71.6,19.3,not fire
20,11,2012,28,82,36,0,92.1,45.5,80.5,11.4,72.8,19.6,not fire
21,11,2012,28,83,37,0,92.2,46.4,80.7,11.6,74,20,not fire
22,11,2012,28,84,38,0,92.3,47.3,80.9,11.8,75.2,20.3,not fire
23,11,2012,28,84,39,0,92.4,48.2,81.1,12,76.4,20.7,not fire
24,11,2012,28,85,40,0,92.5,49.1,81.3,12.2,77.6,21,not fire
25,11,2012,28,86,41,0,92.6,50,81.5,12.4,78.8,21.4,not fire
26,11,2012,28,87,42,0,92.7,50.9,81.7,12.6,80,21.7,not fire
27,11,2012,28,87,43,0,92.8,51.8,81.9,12.8,81.2,22.1,not fire
28,11,2012,28,88,44,0,92.9,52.6,82.1,13,82.4,22.4,not fire
29,11,2012,28,89,45,0,93,53.5,82.3,13.2,83.6,22.8,not fire
30,11,2012,28,90,46,0,93.1,54.4,82.5,13.4,84.8,23.1,not fire
01,12,2012,27,83,20,0,90.2,36.5,79.2,8.1,55.9,14.4,not fire
02,12,2012,27,84,21,0,90.3,37.4,79.4,8.3,57.1,14.8,not fire
03,12,2012,27,85,22,0,90.4,38.3,79.6,8.5,58.3,15.1,not fire
04,12,2012,27,86,23,0,90.5,39.2,79.8,8.7,59.5,15.5,not fire
05,12,2012,27,86,24,0,90.6,40.1,80,8.9,60.7,15.8,not fire
06,12,2012,27,87,25,0,90.7,40.9,80.2,9.1,61.9,16.2,not fire
07,12,2012,27,88,26,0,90.8,41.8,80.4,9.3,63.1,16.5,not fire
08,12,2012,27,89,27,0,90.9,42.7,80.6,9.5,64.3,16.9,not fire
09,12,2012,27,90,28,0,91,43.6,80.8,9.7,65.5,17.2,not fire
10,12,2012,27,90,29,0,91.1,44.5,81,9.9,66.7,17.6,not fire
11,12,2012,27,91,30,0,91.2,45.4,81.2,10.1,67.9,17.9,not fire
12,12,2012,27,92,31,0,91.3,46.3,81.4,10.3,69.1,18.3,not fire
13,12,2012,27,93,32,0,91.4,47.1,81.6,10.5,70.3,18.6,not fire
14,12,2012,27,94,33,0,91.5,48,81.8,10.7,71.5,19,not fire
15,12,2012,27,94,34,0,91.6,48.9,82,10.9,72.7,19.3,not fire
16,12,2012,27,95,35,0,91.7,49.8,82.2,11.1,73.9,19.7,not fire
17,12,2012,27,96,36,0,91.8,50.7,82.4,11.3,75.1,20,not fire
18,12,2012,27,97,37,0,91.9,51.6,82.6,11.5,76.3,20.4,not fire
19,12,2012,27,98,38,0,92,52.4,82.8,11.7,77.5,20.7,not fire
20,12,2012,27,98,39,0,92.1,53.3,83,11.9,78.7,21.1,not fire
21,12,2012,27,99,40,0,92.2,54.2,83.2,12.1,79.9,21.4,not fire
22,12,2012,27,100,41,0,92.3,55.1,83.4,12.3,81.1,21.8,not fire
23,12,2012,27,100,42,0,92.4,56,83.6,12.5,82.3,22.1,not fire
24,12,2012,27,101,43,0,92.5,56.9,83.8,12.7,83.5,22.5,not fire
25,12,2012,27,102,44,0,92.6,57.8,84,12.9,84.7,22.8,not fire
26,12,2012,27,103,45,0,92.7,58.7,84.2,13.1,85.9,23.2,not fire
27,12,2012,27,104,46,0,92.8,59.6,84.4,13.3,87.1,23.5,not fire
28,12,2012,27,105,47,0,92.9,60.5,84.6,13.5,88.3,23.9,not fire
29,12,2012,27,106,48,0,93,61.4,84.8,13.7,89.5,24.2,not fire
30,12,2012,27,107,49,0,93.1,62.3,85,13.9,90.7,24.6,not fire
31,12,2012,27,108,50,0,93.2,63.2,85.2,14.1,91.9,24.9,not fire
01,01,2013,34,79,18,0.9,74.4,7.6,24.6,1.4,10.1,1.1,not fire
02,01,2013,33,76,17,0.6,72.8,6.7,21.6,0.8,8.8,0.7,not fire
03,01,2013,32,75,18,0.7,70.7,5.8,19.3,0.6,7.9,0.5,not fire
04,01,2013,31,73,19,0.3,68.9,4.9,16.7,0.5,6.9,0.4,not fire
05,01,2013,30,71,20,0,67.3,4.0,14.8,0.3,6.1,0.3,not fire
06,01,2013,31,69,19,0.2,69.6,3.2,12.2,0.3,5.5,0.2,not fire
07,01,2013,32,70,18,0,71.2,4.5,15.1,0.4,6.5,0.3,not fire
08,01,2013,33,72,17,0,72.8,5.7,18.6,0.8,7.8,0.6,not fire
09,01,2013,34,74,16,0,74.4,7.1,22.9,1.0,9.4,0.9,not fire
10,01,2013,35,76,15,0.1,75.9,8.6,28.1,1.5,11.0,1.3,not fire
11,01,2013,36,78,14,0.3,77.3,10.2,33.8,1.8,12.6,1.7,not fire
12,01,2013,34,80,17,0,75.4,11.8,40.2,2.5,15.4,2.4,not fire
13,01,2013,33,82,18,0.2,73.9,10.5,35.1,1.8,13.8,1.6,not fire
14,01,2013,32,85,19,0.7,72.4,8.7,28.9,1.0,11.2,0.9,not fire
15,01,2013,31,87,20,0.4,70.8,7.1,24.5,0.8,9.7,0.7,not fire
16,01,2013,30,88,21,0.1,69.3,5.7,19.3,0.5,8.0,0.5,not fire
17,01,2013,29,90,22,0,67.8,4.5,15.3,0.3,6.7,0.3,not fire
18,01,2013,28,91,23,0,66.3,3.4,12.1,0.2,5.5,0.2,not fire
19,01,2013,27,92,24,0,64.8,2.3,9.9,0.1,4.4,0.1,not fire
20,01,2013,26,93,25,0,63.3,1.5,7.7,0.1,3.4,0.1,not fire
21,01,2013,25,94,26,0,61.8,0.9,5.7,0.1,2.5,0.1,not fire
22,01,2013,24,95,27,0,60.3,0.5,3.9,0.1,1.8,0.1,not fire
23,01,2013,23,96,28,0,58.8,0.3,2.2,0,1.2,0,not fire
24,01,2013,22,97,29,0,57.3,0.1,1.2,0,0.6,0,not fire
25,01,2013,21,98,30,0,55.8,0,0.4,0,0.2,0,not fire
26,01,2013,20,99,31,0,54.3,0,0.1,0,0,0,not fire
27,01,2013,19,100,32,0,52.8,0,0,0,0,0,not fire
28,01,2013,18,101,33,0,51.3,0,0,0,0,0,not fire
29,01,2013,17,102,34,0,49.8,0,0,0,0,0,not fire
30,01,2013,16,103,35,0,48.3,0,0,0,0,0,not fire
31,01,2013,15,104,36,0,46.8,0,0,0,0,0,not fire
01,02,2013,14,105,37,0,45.3,0,0,0,0,0,not fire
02,02,2013,13,106,38,0,43.8,0,0,0,0,0,not fire
03,02,2013,12,107,39,0,42.3,0,0,0,0,0,not fire
04,02,2013,11,108,40,0,40.8,0,0,0,0,0,not fire
05,02,2013,10,109,41,0,39.3,0,0,0,0,0,not fire
06,02,2013,9,110,42,0,37.8,0,0,0,0,0,not fire
07,02,2013,8,111,43,0,36.3,0,0,0,0,0,not fire
08,02,2013,7,112,44,0,34.8,0,0,0,0,0,not fire
09,02,2013,6,113,45,0,33.3,0,0,0,0,0,not fire
10,02,2013,5,114,46,0,31.8,0,0,0,0,0,not fire
11,02,2013,4,115,47,0,30.3,0,0,0,0,0,not fire
12,02,2013,3,116,48,0,28.8,0,0,0,0,0,not fire
13,02,2013,2,117,49,0,27.3,0,0,0,0,0,not fire
14,02,2013,1,118,50,0,25.8,0,0,0,0,0,not fire
15,02,2013,0,119,51,0,24.3,0,0,0,0,0,not fire
16,02,2013,0,120,52,0,22.8,0,0,0,0,0,not fire
17,02,2013,0,121,53,0,21.3,0,0,0,0,0,not fire
18,02,2013,0,122,54,0,19.8,0,0,0,0,0,not fire
19,02,2013,0,123,55,0,18.3,0,0,0,0,0,not fire
20,02,2013,0,124,56,0,16.8,0,0,0,0,0,not fire
21,02,2013,0,125,57,0,15.3,0,0,0,0,0,not fire
22,02,2013,0,126,58,0,13.8,0,0,0,0,0,not fire
23,02,2013,0,127,59,0,12.3,0,0,0,0,0,not fire
24,02,2013,0,128,60,0,10.8,0,0,0,0,0,not fire
25,02,2013,0,129,61,0,9.3,0,0,0,0,0,not fire
26,02,2013,0,130,62,0,7.8,0,0,0,0,0,not fire
27,02,2013,0,131,63,0,6.3,0,0,0,0,0,not fire
28,02,2013,0,132,64,0,4.8,0,0,0,0,0,not fire
01,03,2013,0,133,65,0,3.3,0,0,0,0,0,not fire
02,03,2013,0,134,66,0,1.8,0,0,0,0,0,not fire
03,03,2013,0,135,67,0,0.3,0,0,0,0,0,not fire
04,03,2013,0,136,68,0,0,0,0,0,0,0,not fire
05,03,2013,0,137,69,0,0,0,0,0,0,0,not fire
06,03,2013,0,138,70,0,0,0,0,0,0,0,not fire
07,03,2013,0,139,71,0,0,0,0,0,0,0,not fire
08,03,2013,0,140,72,0,0,0,0,0,0,0,not fire
09,03,2013,0,141,73,0,0,0,0,0,0,0,not fire
10,03,2013,0,142,74,0,0,0,0,0,0,0,not fire
11,03,2013,0,143,75,0,0,0,0,0,0,0,not fire
12,03,2013,0,144,76,0,0,0,0,0,0,0,not fire
13,03,2013,0,145,77,0,0,0,0,0,0,0,not fire
14,03,2013,0,146,78,0,0,0,0,0,0,0,not fire
15,03,2013,0,147,79,0,0,0,0,0,0,0,not fire
16,03,2013,0,148,80,0,0,0,0,0,0,0,not fire
17,03,2013,0,149,81,0,0,0,0,0,0,0,not fire
18,03,2013,0,150,82,0,0,0,0,0,0,0,not fire
19,03,2013,0,151,83,0,0,0,0,0,0,0,not fire
20,03,2013,0,152,84,0,0,0,0,0,0,0,not fire
21,03,2013,0,153,85,0,0,0,0,0,0,0,not fire
22,03,2013,0,154,86,0,0,0,0,0,0,0,not fire
23,03,2013,0,155,87,0,0,0,0,0,0,0,not fire
24,03,2013,0,156,88,0,0,0,0,0,0,0,not fire
25,03,2013,0,157,89,0,0,0,0,0,0,0,not fire
26,03,2013,0,158,90,0,0,0,0,0,0,0,not fire
27,03,2013,0,159,91,0,0,0,0,0,0,0,not fire
28,03,2013,0,160,92,0,0,0,0,0,0,0,not fire
29,03,2013,0,161,93,0,0,0,0,0,0,0,not fire
30,03,2013,0,162,94,0,0,0,0,0,0,0,not fire
31,03,2013,0,163,95,0,0,0,0,0,0,0,not fire
01,04,2013,20,73,17,0,85,3.5,21.2,0.4,6.2,0.5,not fire
02,04,2013,21,72,18,0,85.1,3.9,22.5,0.5,6.8,0.7,not fire
03,04,2013,22,71,19,0,85.5,4.2,23.6,0.6,7.3,0.9,not fire
04,04,2013,23,70,20,0,86.3,4.5,24.8,0.7,7.7,1,not fire
05,04,2013,24,69,21,0,87.1,4.9,26.1,0.8,8.1,1.2,not fire
06,04,2013,25,68,22,0,88.5,5.3,27.5,0.9,8.6,1.4,not fire
07,04,2013,26,67,23,0,89.1,5.6,28.7,1,9,1.6,not fire
08,04,2013,27,66,24,0,89.7,6,30,1.1,9.5,1.8,not fire
09,04,2013,28,65,25,0,90.3,6.3,31.2,1.2,9.9,2,not fire
10,04,2013,29,64,26,0,90.7,6.6,32.4,1.3,10.3,2.2,not fire
11,04,2013,30,63,27,0,91.1,6.9,33.6,1.4,10.7,2.4,not fire
12,04,2013,31,62,28,0,91.4,7.2,34.8,1.5,11.1,2.6,not fire
13,04,2013,32,61,29,0,91.8,7.5,36,1.6,11.5,2.8,not fire
14,04,2013,33,60,30,0,92.2,7.8,37.2,1.7,11.9,3,not fire
15,04,2013,34,59,31,0,92.6,8.1,38.4,1.8,12.3,3.2,not fire
16,04,2013,35,58,32,0,93,8.4,39.6,1.9,12.7,3.4,not fire
17,04,2013,36,57,33,0,93.4,8.7,40.8,2,13.1,3.6,not fire
18,04,2013,37,56,34,0,93.8,9,42,2.1,13.5,3.8,not fire
19,04,2013,38,55,35,0,94.2,9.3,43.2,2.2,13.9,4,not fire
20,04,2013,39,54,36,0,94.6,9.6,44.4,2.3,14.3,4.2,not fire
21,04,2013,40,53,37,0,95,9.9,45.6,2.4,14.7,4.4,not fire
22,04,2013,41,52,38,0,95.4,10.2,46.8,2.5,15.1,4.6,not fire
23,04,2013,42,51,39,0,95.8,10.5,48,2.6,15.5,4.8,not fire
24,04,2013,43,50,40,0,96.2,10.8,49.2,2.7,15.9,5,not fire
25,04,2013,44,49,41,0,96.6,11.1,50.4,2.8,16.3,5.2,not fire
26,04,2013,45,48,42,0,97,11.4,51.6,2.9,16.7,5.4,not fire
27,04,2013,46,47,43,0,97.4,11.7,52.8,3,17.1,5.6,not fire
28,04,2013,47,46,44,0,97.8,12,54,3.1,17.5,5.8,not fire
29,04,2013,48,45,45,0,98.2,12.3,55.2,3.2,17.9,6,not fire
30,04,2013,49,44,46,0,98.6,12.6,56.4,3.3,18.3,6.2,not fire
01,05,2013,50,43,47,0,99,12.9,57.6,3.4,18.7,6.4,not fire
02,05,2013,51,42,48,0,99.4,13.2,58.8,3.5,19.1,6.6,not fire
03,05,2013,52,41,49,0,99.7,13.5,60,3.6,19.5,6.8,not fire
04,05,2013,53,40,50,0,100.1,13.8,61.2,3.7,19.9,7,not fire
05,05,2013,54,39,51,0,100.5,14.1,62.4,3.8,20.3,7.2,not fire
06,05,2013,55,38,52,0,100.9,14.4,63.6,3.9,20.7,7.4,not fire
07,05,2013,56,37,53,0,101.3,14.7,64.8,4,21.1,7.6,not fire
08,05,2013,57,36,54,0,101.7,15,66,4.1,21.5,7.8,not fire
09,05,2013,58,35,55,0,102.1,15.3,67.2,4.2,21.9,8,not fire
10,05,2013,59,34,56,0,102.5,15.6,68.4,4.3,22.3,8.2,not fire
11,05,2013,60,33,57,0,102.9,15.9,69.6,4.4,22.7,8.4,not fire
12,05,2013,61,32,58,0,103.3,16.2,70.8,4.5,23.1,8.6,not fire
13,05,2013,62,31,59,0,103.7,16.5,72,4.6,23.5,8.8,not fire
14,05,2013,63,30,60,0,104.1,16.8,73.2,4.7,23.9,9,not fire
15,05,2013,64,29,61,0,104.5,17.1,74.4,4.8,24.3,9.2,not fire
16,05,2013,65,28,62,0,104.9,17.4,75.6,4.9,24.7,9.4,not fire
17,05,2013,66,27,63,0,105.3,17.7,76.8,5,25.1,9.6,not fire
18,05,2013,67,26,64,0,105.7,18,78,5.1,25.5,9.8,not fire
19,05,2013,68,25,65,0,106.1,18.3,79.2,5.2,25.9,10,not fire
20,05,2013,69,24,66,0,106.5,18.6,80.4,5.3,26.3,10.2,not fire
21,05,2013,70,23,67,0,106.9,18.9,81.6,5.4,26.7,10.4,not fire
22,05,2013,71,22,68,0,107.3,19.2,82.8,5.5,27.1,10.6,not fire
23,05,2013,72,21,69,0,107.7,19.5,84,5.6,27.5,10.8,not fire
24,05,2013,73,20,70,0,108.1,19.8,85.2,5.7,27.9,11,not fire
25,05,2013,74,19,71,0,108.5,20.1,86.4,5.8,28.3,11.2,not fire
26,05,2013,75,18,72,0,108.9,20.4,87.6,5.9,28.7,11.4,not fire
27,05,2013,76,17,73,0,109.3,20.7,88.8,6,29.1,11.6,not fire
28,05,2013,77,16,74,0,109.7,21,90,6.1,29.5,11.8,not fire
29,05,2013,78,15,75,0,110.1,21.3,91.2,6.2,29.9,12,not fire
30,05,2013,79,14,76,0,110.5,21.6,92.4,6.3,30.3,12.2,not fire
31,05,2013,80,13,77,0,110.9,21.9,93.6,6.4,30.7,12.4,not fire
01,06,2013,30,65,14,0,85.7,3.8,10.1,2.1,4.8,0.9,not fire
02,06,2013,29,72,13,0.5,82.9,4.2,11.7,1.5,5.2,0.7,not fire
03,06,2013,27,80,12,1.2,78.4,3.1,9.9,0.7,3.8,0.3,not fire
04,06,2013,26,84,14,0.3,77.6,2.5,8.3,0.4,3.2,0.2,not fire
05,06,2013,28,75,16,0.7,79.5,3.3,12.5,0.9,4.5,0.6,not fire
06,06,2013,31,68,13,0,84.3,5.7,20.1,3.2,7.2,2.4,fire
07,06,2013,33,60,12,0,86.9,8.6,28.5,5.5,9.5,5.1,fire
08,06,2013,32,65,14,0,87.5,10.4,34.6,4.2,11.4,5.3,fire
09,06,2013,28,77,13,0.4,79.3,7.2,31.2,1.1,9.3,1.2,not fire
10,06,2013,30,74,15,0,81.2,9.1,42.8,2.3,11.8,2.8,not fire
11,06,2013,32,70,16,0,83.6,11.3,49.6,3.7,14.5,4.7,fire
12,06,2013,27,78,18,0,78.8,12.7,57.4,3.1,16.9,5.9,fire
13,06,2013,29,80,19,0.8,70.2,5.3,18.4,0.6,7.1,0.5,not fire
14,06,2013,31,76,17,0.2,72.4,4.8,14.2,1.1,6.3,0.7,not fire
15,06,2013,28,82,16,1.0,66.3,3.6,12.3,0.5,5.1,0.4,not fire
16,06,2013,29,85,15,0.5,64.1,2.9,9.8,0.3,4.2,0.2,not fire
17,06,2013,30,80,18,0,69.7,3.8,10.9,0.8,5.6,0.4,not fire
18,06,2013,32,78,17,0,73.5,5.1,15.7,1.4,7.2,1.1,not fire
19,06,2013,34,70,16,0,77.9,6.7,22.4,2.8,9.2,2.1,not fire
20,06,2013,33,66,14,0,80.8,8.4,28.9,4.1,11.5,3.3,fire
21,06,2013,31,64,13,0,82.1,10.6,35.4,3.6,14.2,4.2,fire
22,06,2013,32,68,15,0,83.2,12.3,41.8,4.7,16.7,5.4,fire
23,06,2013,30,70,17,0.1,76.4,8.8,30.1,1.8,11.8,2.2,not fire
24,06,2013,31,72,16,0,78.9,10.4,36.5,2.5,14.0,3.1,not fire
25,06,2013,29,74,18,0,75.6,11.7,42.8,1.9,16.1,2.5,not fire
26,06,2013,30,69,17,0,77.8,13.4,49.1,2.6,18.7,3.6,not fire
27,06,2013,32,64,14,0,81.1,15.2,55.4,4.8,21.0,5.0,fire
28,06,2013,33,61,15,0,82.6,18.1,62.8,5.7,23.6,6.8,fire
29,06,2013,31,68,13,0.3,79.9,12.5,54.2,1.5,19.5,2.4,not fire
30,06,2013,32,70,14,0,81.4,14.2,61.5,2.7,22.2,3.9,fire
01,07,2013,30,66,15,0.8,76.3,6.3,24.8,1.0,9.2,0.8,not fire
02,07,2013,28,74,16,1.1,73.1,5.8,23.1,0.9,8.5,0.6,not fire
03,07,2013,30,78,17,0.6,75.9,6.2,25.5,1.4,10.3,1.1,not fire
04,07,2013,31,70,16,0,78.8,8.4,32.6,3.2,14.1,3.0,not fire
05,07,2013,32,68,15,0,80.6,10.3,39.7,4.3,17.3,4.2,fire
06,07,2013,33,65,14,0,82.4,12.7,48.9,5.4,20.9,6.2,fire
07,07,2013,34,62,13,0.2,78.1,9.8,35.4,2.6,14.7,2.5,not fire
08,07,2013,33,64,15,0,80.9,12.5,43.7,4.5,18.5,5.1,fire
09,07,2013,32,68,14,1.3,72.5,6.7,14.6,1.1,7.8,0.9,not fire
10,07,2013,33,69,13,0.5,73.2,7.5,17.9,1.3,8.9,1.1,not fire
11,07,2013,34,71,14,0,76.5,9.2,25.7,2.5,11.2,2.3,not fire
12,07,2013,31,68,13,0.2,74.4,8.1,23.8,1.8,10.2,1.5,not fire
13,07,2013,32,73,15,0,78.6,10.5,34.9,3.1,15.1,3.4,not fire
14,07,2013,31,70,16,0.4,72.7,7.8,25.6,1.4,10.7,1.3,not fire
15,07,2013,30,74,17,0.2,68.5,6.4,19.7,1.2,8.9,0.7,not fire
16,07,2013,29,76,18,0,70.9,7.2,22.5,0.9,10.8,0.8,not fire
17,07,2013,30,78,17,0.6,73.4,8.1,27.8,1.6,12.9,1.5,not fire
18,07,2013,31,72,15,0.2,75.8,10.4,35.4,2.9,17.6,3.2,not fire
19,07,2013,33,68,14,0,78.3,12.1,43.2,3.8,21.3,4.5,fire
20,07,2013,34,64,13,0,81.7,14.5,52.6,5.2,26.4,6.1,fire
21,07,2013,35,60,12,0,83.9,17.3,63.1,6.5,31.8,7.6,fire
22,07,2013,33,66,13,0.1,79.4,13.2,44.8,2.8,20.1,3.5,not fire
23,07,2013,32,70,14,0.3,76.2,11.4,35.1,2.3,16.2,2.8,not fire
24,07,2013,30,74,16,0,71.8,9.3,26.4,1.6,12.5,1.4,not fire
25,07,2013,29,78,17,0.4,69.2,8.1,21.3,0.9,10.8,0.9,not fire
26,07,2013,31,75,16,0.7,73.9,10.7,31.2,1.8,15.3,2.2,not fire
27,07,2013,32,71,15,0,78.5,12.5,40.6,3.1,20.4,3.6,fire
28,07,2013,33,69,14,0,82.3,14.8,49.7,4.2,25.1,4.8,fire
29,07,2013,34,66,13,0.2,84.1,17.3,59.4,5.6,30.3,6.7,fire
30,07,2013,32,70,14,0,80.7,14.1,48.3,3.7,24.6,3.9,fire
31,07,2013,31,73,15,0.5,77.2,10.8,37.9,2.6,19.2,2.9,not fire
01,08,2013,29,63,3.6,0,92.1,95.5,855.3,9.2,47.4,13.2,not fire
02,08,2013,30,59,2.5,0,92.5,99.4,832.5,8.5,45.2,12.1,not fire
03,08,2013,30,57,2.3,0,92.8,104.5,803.3,8,43.5,11.4,not fire
04,08,2013,30,55,2.1,0,93.1,107.8,766.8,7.7,42,11,not fire
05,08,2013,29,58,2.7,0,92.8,110.5,728.6,7.6,41,10.8,not fire
06,08,2013,29,61,3.6,0,92.4,112.7,694.8,7.5,40.3,10.7,not fire
07,08,2013,29,63,3.8,0,92.1,114.2,664.2,7.4,39.8,10.6,not fire
08,08,2013,29,63,3.3,0,91.8,115.4,635.3,7.3,39.4,10.5,not fire
09,08,2013,28,68,2.7,0,91.5,116.1,609.5,7.2,39.2,10.4,not fire
10,08,2013,28,69,2.6,0,91.2,116.6,586.3,7.1,39,10.4,not fire
11,08,2013,28,72,2.3,0,90.8,116.9,565.6,7,38.9,10.3,not fire
12,08,2013,28,70,1.9,0,90.4,117,547.2,6.8,38.8,10.3,not fire
13,08,2013,28,69,2.4,0,90.1,117,530.9,6.7,38.7,10.2,not fire
14,08,2013,28,70,2.7,0,89.7,116.9,516.6,6.6,38.7,10.2,not fire
15,08,2013,28,70,2.9,0,89.3,116.7,503.8,6.5,38.6,10.2,not fire
16,08,2013,28,72,2.7,0,89,116.5,492.5,6.4,38.5,10.1,not fire
17,08,2013,28,73,2.3,0,88.6,116.2,482.4,6.3,38.4,10.1,not fire
18,08,2013,28,73,1.9,0,88.3,115.9,473.4,6.2,38.3,10.1,not fire
19,08,2013,28,72,1.8,0,87.9,115.6,465.4,6.1,38.2,10,not fire
20,08,2013,28,70,2.3,0,87.6,115.3,458.3,6,38.1,10,not fire
21,08,2013,28,70,2.7,0,87.2,115,451.9,5.9,38,9.9,not fire
22,08,2013,28,72,2.3,0,86.9,114.7,446.1,5.8,37.9,9.9,not fire
23,08,2013,28,73,2,0,86.5,114.4,440.8,5.7,37.8,9.9,not fire
24,08,2013,28,72,2.1,0,86.2,114.2,435.9,5.6,37.7,9.8,not fire
25,08,2013,28,72,2.5,0,85.8,113.9,431.3,5.5,37.6,9.8,not fire
26,08,2013,28,74,2.2,0,85.5,113.7,426.9,5.4,37.5,9.8,not fire
27,08,2013,28,76,2.1,0,85.1,113.4,422.8,5.3,37.4,9.7,not fire
28,08,2013,28,78,1.9,0,84.8,113.2,419,5.2,37.4,9.7,not fire
29,08,2013,28,78,1.9,0,84.4,113,415.3,5.1,37.3,9.7,not fire
30,08,2013,28,79,1.9,0,84.1,112.8,411.9,5,37.2,9.7,not fire
31,08,2013,28,80,1.8,0,83.7,112.6,408.6,5,37.1,9.6,not fire
01,09,2013,28,78,2.1,0,83.5,112.4,405.6,4.9,37.1,9.6,not fire
02,09,2013,28,79,1.9,0,83.2,112.2,402.6,4.9,37,9.6,not fire
03,09,2013,28,80,2.3,0,82.8,112,399.6,4.9,36.9,9.6,not fire
04,09,2013,28,80,2.7,0,82.5,111.8,396.7,4.9,36.8,9.6,not fire
05,09,2013,28,79,2.5,0,82.2,111.6,393.8,4.9,36.7,9.5,not fire
06,09,2013,28,80,2.2,0,81.9,111.4,391.1,4.8,36.6,9.5,not fire
07,09,2013,28,80,2,0,81.6,111.2,388.4,4.8,36.6,9.5,not fire
08,09,2013,28,81,1.9,0,81.3,111,385.8,4.8,36.5,9.5,not fire
09,09,2013,28,81,1.9,0,81,110.8,383.2,4.8,36.4,9.5,not fire
10,09,2013,28,82,1.8,0,80.7,110.6,380.7,4.7,36.3,9.4,not fire
11,09,2013,28,82,1.8,0,80.4,110.5,378.2,4.7,36.3,9.4,not fire
12,09,2013,28,83,1.7,0,80.1,110.3,375.8,4.7,36.2,9.4,not fire
13,09,2013,28,83,1.7,0,79.8,110.1,373.4,4.7,36.1,9.4,not fire
14,09,2013,28,84,1.6,0,79.5,109.9,371,4.7,36.1,9.4,not fire
15,09,2013,28,84,1.5,0,79.2,109.7,368.7,4.6,36,9.3,not fire
16,09,2013,28,85,1.4,0,78.9,109.5,366.5,4.6,36,9.3,not fire
17,09,2013,28,86,1.4,0,78.6,109.3,364.3,4.6,35.9,9.3,not fire
18,09,2013,28,87,1.3,0,78.3,109.1,362.1,4.6,35.9,9.3,not fire
19,09,2013,28,88,1.2,0,78,109,360,4.6,35.8,9.3,not fire
20,09,2013,28,89,1.1,0,77.7,108.8,357.9,4.6,35.8,9.3,not fire
21,09,2013,28,90,1.1,0,77.4,108.6,355.9,4.5,35.7,9.3,not fire
22,09,2013,28,90,1,0,77.1,108.4,354,4.5,35.7,9.3,not fire
23,09,2013,28,91,1,0,76.8,108.3,352,4.5,35.6,9.2,not fire
24,09,2013,28,92,1,0,76.6,108.1,350.1,4.5,35.6,9.2,not fire
25,09,2013,28,92,1,0,76.3,107.9,348.3,4.5,35.5,9.2,not fire
26,09,2013,28,93,0.9,0,76,107.8,346.4,4.5,35.5,9.2,not fire
27,09,2013,28,93,0.9,0,75.8,107.6,344.6,4.4,35.4,9.2,not fire
28,09,2013,28,94,0.8,0,75.5,107.5,342.8,4.4,35.4,9.2,not fire
29,09,2013,28,94,0.8,0,75.3,107.3,341,4.4,35.3,9.2,not fire
30,09,2013,28,95,0.8,0,75,107.2,339.3,4.4,35.3,9.2,not fire
01,10,2013,274,69,171,0,1063.2,28.2,259.2,9.4,52.2,29.5,fire
02,10,2013,275,68,172,0,1063.6,28.5,260.4,9.5,52.6,29.7,fire
03,10,2013,276,67,173,0,1064,28.8,261.6,9.6,53,29.9,fire
04,10,2013,277,66,174,0,1064.4,29.1,262.8,9.7,53.4,30.1,fire
05,10,2013,278,65,175,0,1064.8,29.4,264,9.8,53.8,30.3,fire
06,10,2013,279,64,176,0,1065.2,29.7,265.2,9.9,54.2,30.5,fire
07,10,2013,280,63,177,0,1065.6,30,266.4,10,54.6,30.7,fire
08,10,2013,281,62,178,0,1066,30.3,267.6,10.1,55,30.9,fire
09,10,2013,282,61,179,0,1066.4,30.6,268.8,10.2,55.4,31.1,fire
10,10,2013,283,60,180,0,1066.8,30.9,270,10.3,55.8,31.3,fire
11,10,2013,284,59,181,0,1067.2,31.2,271.2,10.4,56.2,31.5,fire
12,10,2013,285,58,182,0,1067.6,31.5,272.4,10.5,56.6,31.7,fire
13,10,2013,286,57,183,0,1068,31.8,273.6,10.6,57,31.9,fire
14,10,2013,287,56,184,0,1068.4,32.1,274.8,10.7,57.4,32.1,fire
15,10,2013,288,55,185,0,1068.8,32.4,276,10.8,57.8,32.3,fire
16,10,2013,289,54,186,0,1069.2,32.7,277.2,10.9,58.2,32.5,fire
17,10,2013,290,53,187,0,1069.6,33,278.4,11,58.6,32.7,fire
18,10,2013,291,52,188,0,1070,33.3,279.6,11.1,59,32.9,fire
19,10,2013,292,51,189,0,1070.4,33.6,280.8,11.2,59.4,33.1,fire
20,10,2013,293,50,190,0,1070.8,33.9,282,11.3,59.8,33.3,fire
21,10,2013,294,49,191,0,1071.2,34.2,283.2,11.4,60.2,33.5,fire
22,10,2013,295,48,192,0,1071.6,34.5,284.4,11.5,60.6,33.7,fire
23,10,2013,296,47,193,0,1072,34.8,285.6,11.6,61,33.9,fire
24,10,2013,297,46,194,0,1072.4,35.1,286.8,11.7,61.4,34.1,fire
25,10,2013,298,45,195,0,1072.8,35.4,288,11.8,61.8,34.3,fire
26,10,2013,299,44,196,0,1073.2,35.7,289.2,11.9,62.2,34.5,fire
27,10,2013,300,43,197,0,1073.6,36,290.4,12,62.6,34.7,fire
28,10,2013,301,42,198,0,1074,36.3,291.6,12.1,63,34.9,fire
29,10,2013,302,41,199,0,1074.4,36.6,292.8,12.2,63.4,35.1,fire
30,10,2013,303,40,200,0,1074.8,36.9,294,12.3,63.8,35.3,fire
31,10,2013,304,39,201,0,1075.2,37.2,295.2,12.4,64.2,35.5,fire
01,11,2013,305,38,202,0,1075.6,37.5,296.4,12.5,64.6,35.7,fire
02,11,2013,306,37,203,0,1076,37.8,297.6,12.6,65,35.9,fire
03,11,2013,307,36,204,0,1076.4,38.1,298.8,12.7,65.4,36.1,fire
04,11,2013,308,35,205,0,1076.8,38.4,300,12.8,65.8,36.3,fire
05,11,2013,309,34,206,0,1077.2,38.7,301.2,12.9,66.2,36.5,fire
06,11,2013,310,33,207,0,1077.6,39,302.4,13,66.6,36.7,fire
07,11,2013,311,32,208,0,1078,39.3,303.6,13.1,67,36.9,fire
08,11,2013,312,31,209,0,1078.4,39.6,304.8,13.2,67.4,37.1,fire
09,11,2013,313,30,210,0,1078.8,39.9,306,13.3,67.8,37.3,fire
10,11,2013,314,29,211,0,1079.2,40.2,307.2,13.4,68.2,37.5,fire
11,11,2013,315,28,212,0,1079.6,40.5,308.4,13.5,68.6,37.7,fire
12,11,2013,316,27,213,0,1080,40.8,309.6,13.6,69,37.9,fire
13,11,2013,317,26,214,0,1080.4,41.1,310.8,13.7,69.4,38.1,fire
14,11,2013,318,25,215,0,1080.8,41.4,312,13.8,69.8,38.3,fire
15,11,2013,319,24,216,0,1081.2,41.7,313.2,13.9,70.2,38.5,fire
16,11,2013,320,23,217,0,1081.6,42,314.4,14,70.6,38.7,fire
17,11,2013,321,22,218,0,1082,42.3,315.6,14.1,71,38.9,fire
18,11,2013,322,21,219,0,1082.4,42.6,316.8,14.2,71.4,39.1,fire
19,11,2013,323,20,220,0,1082.8,42.9,318,14.3,71.8,39.3,fire
20,11,2013,324,19,221,0,1083.2,43.2,319.2,14.4,72.2,39.5,fire
21,11,2013,325,18,222,0,1083.6,43.5,320.4,14.5,72.6,39.7,fire
22,11,2013,326,17,223,0,1084,43.8,321.6,14.6,73,39.9,fire
23,11,2013,327,16,224,0,1084.4,44.1,322.8,14.7,73.4,40.1,fire
24,11,2013,328,15,225,0,1084.8,44.4,324,14.8,73.8,40.3,fire
25,11,2013,329,14,226,0,1085.2,44.7,325.2,14.9,74.2,40.5,fire
26,11,2013,330,13,227,0,1085.6,45,326.4,15,74.6,40.7,fire
27,11,2013,331,12,228,0,1086,45.3,327.6,15.1,75,40.9,fire
28,11,2013,332,11,229,0,1086.4,45.6,328.8,15.2,75.4,41.1,fire
29,11,2013,333,10,230,0,1086.8,45.9,330,15.3,75.8,41.3,fire
30,11,2013,334,9,231,0,1087.2,46.2,331.2,15.4,76.2,41.5,fire
01,12,2013,335,8,232,0,1087.6,46.5,332.4,15.5,76.6,41.7,fire
02,12,2013,336,7,233,0,1088,46.8,333.6,15.6,77,41.9,fire
03,12,2013,337,6,234,0,1088.4,47.1,334.8,15.7,77.4,42.1,fire
04,12,2013,338,5,235,0,1088.8,47.4,336,15.8,77.8,42.3,fire
05,12,2013,339,4,236,0,1089.2,47.7,337.2,15.9,78.2,42.5,fire
06,12,2013,340,3,237,0,1089.6,48,338.4,16,78.6,42.7,fire
07,12,2013,341,2,238,0,1090,48.3,339.6,16.1,79,42.9,fire
08,12,2013,342,1,239,0,1090.4,48.6,340.8,16.2,79.4,43.1,fire
09,12,2013,343,0,240,0,1090.8,48.9,342,16.3,79.8,43.3,fire
10,12,2013,344,10,241,0,1091.2,49.2,343.2,16.4,80.2,43.5,fire
11,12,2013,345,9,242,0,1091.6,49.5,344.4,16.5,80.6,43.7,fire
12,12,2013,346,8,243,0,1092,49.8,345.6,16.6,81,43.9,fire
13,12,2013,347,7,244,0,1092.4,50.1,346.8,16.7,81.4,44.1,fire
14,12,2013,348,6,245,0,1092.8,50.4,348,16.8,81.8,44.3,fire
15,12,2013,349,5,246,0,1093.2,50.7,349.2,16.9,82.2,44.5,fire
16,12,2013,350,4,247,0,1093.6,51,350.4,17,82.6,44.7,fire
17,12,2013,351,3,248,0,1094,51.3,351.6,17.1,83,44.9,fire
18,12,2013,352,2,249,0,1094.4,51.6,352.8,17.2,83.4,45.1,fire
19,12,2013,353,1,250,0,1094.8,51.9,354,17.3,83.8,45.3,fire
20,12,2013,354,0,251,0,1095.2,52.2,355.2,17.4,84.2,45.5,fire
21,12,2013,355,10,252,0,1095.6,52.5,356.4,17.5,84.6,45.7,fire
22,12,2013,356,9,253,0,1096,52.8,357.6,17.6,85,45.9,fire
23,12,2013,357,8,254,0,1096.4,53.1,358.8,17.7,85.4,46.1,fire
24,12,2013,358,7,255,0,1096.8,53.4,360,17.8,85.8,46.3,fire
25,12,2013,359,6,256,0,1097.2,53.7,361.2,17.9,86.2,46.5,fire
26,12,2013,360,5,257,0,1097.6,54,362.4,18,86.6,46.7,fire
27,12,2013,361,4,258,0,1098,54.3,363.6,18.1,87,46.9,fire
28,12,2013,362,3,259,0,1098.4,54.6,364.8,18.2,87.4,47.1,fire
29,12,2013,363,2,260,0,1098.8,54.9,366,18.3,87.8,47.3,fire
30,12,2013,364,1,261,0,1099.2,55.2,367.2,18.4,88.2,47.5,fire
31,12,2013,365,0,262,0,1099.6,55.5,368.4,18.5,88.6,47.7,fire
01,01,2014,10,91,8,0,85.4,14.4,24.9,1,5.2,1,not fire
02,01,2014,10,89,8,0,85.4,16.1,23.8,1,5.1,1,not fire
03,01,2014,11,82,15,0,86.5,16.9,26.8,1.2,5.9,1.2,not fire
04,01,2014,10,85,14,0,86.5,18.6,29.7,1.3,6.6,1.4,not fire
05,01,2014,12,79,22,0,88.9,20.4,31.7,1.6,7.5,1.7,not fire
06,01,2014,12,84,24,0,88.9,21.1,34.1,1.8,8.4,1.9,not fire
07,01,2014,12,87,20,0,89,22.8,36.8,2.1,9.5,2.3,not fire
08,01,2014,13,80,26,0,90.3,23.5,38.5,2.3,10.4,2.5,not fire
09,01,2014,14,78,27,0,90.3,24.3,41,2.5,11.3,2.8,not fire
10,01,2014,14,77,29,0,90.5,25,43.7,2.7,12.2,3.1,not fire
11,01,2014,15,75,32,0,90.5,25.8,46.1,2.9,13.1,3.4,not fire
12,01,2014,15,76,33,0,91.7,26.5,48.8,3.1,14,3.7,not fire
13,01,2014,16,72,35,0,91.7,27.3,51.5,3.3,14.9,4,not fire
14,01,2014,16,73,36,0,91.9,28,53.9,3.5,15.8,4.3,not fire
15,01,2014,17,70,39,0,91.9,28.8,56.6,3.7,16.7,4.6,not fire
16,01,2014,17,71,41,0,92.1,29.5,59.3,3.9,17.6,4.9,not fire
17,01,2014,18,68,42,0,92.1,30.3,61.7,4.1,18.5,5.2,not fire
18,01,2014,18,69,44,0,92.3,31,64.4,4.3,19.4,5.5,not fire
19,01,2014,19,66,46,0,92.3,31.8,67.1,4.5,20.3,5.8,not fire
20,01,2014,19,67,47,0,92.5,32.5,69.5,4.7,21.2,6.1,not fire
21,01,2014,20,64,49,0,92.5,33.3,72.2,4.9,22.1,6.4,not fire
22,01,2014,20,65,50,0,92.7,34,74.9,5.1,23,6.7,not fire
23,01,2014,21,62,52,0,92.7,34.8,77.3,5.3,23.9,7,not fire
24,01,2014,21,63,53,0,92.9,35.5,80,5.5,24.8,7.3,not fire
25,01,2014,22,60,55,0,92.9,36.3,82.7,5.7,25.7,7.6,not fire
26,01,2014,22,61,56,0,93,37,85.1,5.9,26.6,7.9,not fire
27,01,2014,23,58,58,0,93,37.8,87.8,6.1,27.5,8.2,not fire
28,01,2014,23,59,59,0,93.2,38.5,90.5,6.3,28.4,8.5,not fire
29,01,2014,24,56,61,0,93.2,39.3,93,6.5,29.3,8.8,not fire
30,01,2014,24,57,62,0,93.3,40,95.7,6.7,30.2,9.1,not fire
31,01,2014,25,54,64,0,93.3,40.8,98.4,6.9,31.1,9.4,not fire
01,02,2014,25,55,65,0,93.4,41.5,101.1,7.1,32,9.7,not fire
02,02,2014,26,52,67,0,93.4,42.3,103.8,7.3,32.9,10,not fire
03,02,2014,26,53,68,0,93.5,43,106.5,7.5,33.8,10.3,not fire
04,02,2014,27,50,70,0,93.5,43.8,109.2,7.7,34.7,10.6,not fire
05,02,2014,27,51,71,0,93.6,44.5,111.9,7.9,35.6,10.9,not fire
06,02,2014,28,48,73,0,93.6,45.3,114.6,8.1,36.5,11.2,not fire
07,02,2014,28,49,74,0,93.7,46,117.3,8.3,37.4,11.5,not fire
08,02,2014,29,46,76,0,93.7,46.8,120,8.5,38.3,11.8,not fire
09,02,2014,29,47,77,0,93.8,47.5,122.7,8.7,39.2,12.1,not fire
10,02,2014,29,44,79,0,93.8,48.3,125.4,8.9,40.1,12.4,not fire
11,02,2014,30,45,80,0,93.9,49,128.1,9.1,41,12.7,not fire
12,02,2014,30,46,82,0,93.9,49.8,130.8,9.3,41.9,13,not fire
13,02,2014,31,43,83,0,94,50.5,133.5,9.5,42.8,13.3,not fire
14,02,2014,31,44,84,0,94,51.3,136.2,9.7,43.7,13.6,not fire
15,02,2014,31,41,86,0,94.1,52,138.9,9.9,44.6,13.9,not fire
16,02,2014,32,42,87,0,94.1,52.8,141.6,10.1,45.5,14.2,not fire
17,02,2014,32,39,92,0,94.2,53.5,142.4,10.4,45.1,14.4,not fire
18,02,2014,32,40,90,0,94.2,54.3,147,10.7,46.4,14.8,not fire
19,02,2014,32,41,91,0,94.3,55,149.7,10.9,47.3,15.1,not fire
20,02,2014,32,38,93,0,94.3,55.8,152.4,11.1,48.2,15.4,not fire
21,02,2014,33,39,94,0,94.4,56.5,155.1,11.3,49.1,15.7,not fire
22,02,2014,33,40,95,0,94.4,57.3,157.8,11.5,50,16,not fire
23,02,2014,33,37,97,0,94.5,58,160.5,11.7,50.9,16.3,not fire
24,02,2014,33,38,98,0,94.5,58.8,163.2,11.9,51.8,16.6,not fire
25,02,2014,34,35,100,0,94.6,59.5,165.9,12.1,52.7,16.9,not fire
26,02,2014,34,36,101,0,94.6,60.3,168.6,12.3,53.6,17.2,not fire
27,02,2014,34,37,102,0,94.7,61,171.3,12.5,54.5,17.5,not fire
28,02,2014,34,34,104,0,94.7,61.8,174,12.7,55.4,17.8,not fire
01,03,2014,32,40,93,0,94.8,56.2,162.7,11.6,53.1,17.2,not fire
02,03,2014,31,40,90,0,94.5,56.1,178.5,10.7,57.3,18.6,not fire
03,03,2014,29,44,84,0,93.3,55.1,191.1,8.8,60.3,18.2,not fire
04,03,2014,28,50,80,0,92.3,53.9,199.8,7.6,61.3,15.8,not fire
05,03,2014,28,49,78,0,92.3,53.5,210,7.6,62.3,16.8,not fire
06,03,2014,31,44,80,0,93.8,55.7,224.2,9.5,66.1,20.6,not fire
07,03,2014,33,39,81,0,94.5,58.6,239.2,11.3,70.6,24.3,not fire
08,03,2014,34,34,84,0,94.7,61.4,253.7,12.8,74.7,27.3,not fire
09,03,2014,34,33,85,0,95.1,63.6,268.3,13.7,78.3,30,not fire
10,03,2014,34,34,86,0,95.2,65.6,281.3,14.4,81.1,32.1,not fire
11,03,2014,34,32,88,0,95.5,67.4,293.7,15.4,83.4,34,not fire
12,03,2014,34,30,87,0,95.6,68.8,305.6,16.2,85.1,35.6,not fire
13,03,2014,34,29,88,0,95.9,70.4,317.3,17,86.7,37.1,not fire
14,03,2014,34,30,89,0,96,71.8,329.3,17.8,88.1,38.5,not fire
15,03,2014,34,28,90,0,96.2,73,342.1,18.6,89.6,39.9,not fire
16,03,2014,34,29,91,0,96.3,74.4,355.2,19.4,91,41.2,not fire
17,03,2014,34,27,92,0,96.4,75.6,368,20,92.2,42.4,not fire
18,03,2014,34,25,94,0,96.6,76.8,381.5,20.7,93.4,43.5,not fire
19,03,2014,34,24,95,0,96.7,77.9,395.1,21.4,94.6,44.6,not fire
20,03,2014,34,23,96,0,96.8,79.1,408.6,22,95.7,45.6,not fire
21,03,2014,34,23,98,0,96.8,80.2,422.3,22.5,96.7,46.5,not fire
22,03,2014,34,22,98,0,96.9,81.2,436.1,23,97.6,47.4,not fire
23,03,2014,34,21,99,0,96.9,82.3,450,23.5,98.5,48.3,not fire
24,03,2014,34,20,99,0,96.9,83.4,463.9,24,99.3,49.1,not fire
25,03,2014,34,20,99,0,96.9,84.4,477.9,24.5,100,49.8,not fire
26,03,2014,34,19,99,0,96.9,85.5,491.8,25,100.7,50.5,not fire
27,03,2014,34,18,99,0,96.9,86.5,505.8,25.4,101.3,51.1,not fire
28,03,2014,34,17,99,0,96.9,87.6,519.8,25.8,101.9,51.7,not fire
29,03,2014,34,16,99,0,96.9,88.6,533.9,26.2,102.5,52.3,not fire
30,03,2014,34,15,99,0,96.9,89.6,548,26.6,103.1,52.9,not fire
31,03,2014,34,14,99,0,96.9,90.6,562.2,26.9,103.6,53.4,not fire
01,04,2014,34,14,99,0,96.9,91.6,576.4,27.2,104.1,53.9,not fire
02,04,2014,34,14,99,0,96.9,92.6,590.6,27.5,104.6,54.4,not fire
03,04,2014,34,14,99,0,96.9,93.6,604.8,27.8,105.1,54.8,not fire
04,04,2014,34,14,99,0,96.9,94.6,619.2,28.1,105.6,55.3,not fire
05,04,2014,34,14,99,0,96.9,95.6,633.6,28.3,106.1,55.7,not fire
06,04,2014,34,14,99,0,96.9,96.6,648,28.6,106.5,56.1,not fire
07,04,2014,34,14,99,0,96.9,97.5,662.5,28.8,106.9,56.5,not fire
08,04,2014,34,14,99,0,96.9,98.5,677,29,107.3,56.9,not fire
09,04,2014,34,14,99,0,96.9,99.4,691.6,29.2,107.6,57.2,not fire
10,04,2014,34,14,99,0,96.9,100.4,706.2,29.4,107.9,57.5,not fire
11,04,2014,34,14,99,0,96.9,101.3,720.8,29.6,108.2,57.8,not fire
12,04,2014,34,14,99,0,96.9,102.2,735.4,29.8,108.5,58.1,not fire
13,04,2014,34,14,99,0,96.9,103.1,750.1,30,108.7,58.4,not fire
14,04,2014,34,14,99,0,96.9,103.9,764.7,30.2,109,58.6,not fire
15,04,2014,34,14,99,0,96.9,104.8,779.3,30.4,109.2,58.8,not fire
16,04,2014,34,14,99,0,96.9,105.6,793.9,30.6,109.4,59,not fire
17,04,2014,34,14,99,0,96.9,106.5,808.5,30.7,109.6,59.2,not fire
18,04,2014,34,14,99,0,96.9,107.3,823.1,30.9,109.8,59.4,not fire
19,04,2014,34,14,99,0,96.9,108.1,837.7,31,110,59.6,not fire
20,04,2014,34,14,99,0,96.9,108.9,852.3,31.2,110.1,59.8,not fire
21,04,2014,34,14,99,0,96.9,109.7,866.9,31.3,110.3,59.9,not fire
22,04,2014,34,14,99,0,96.9,110.5,881.5,31.5,110.4,60.1,not fire
23,04,2014,34,14,99,0,96.9,111.2,896.1,31.6,110.6,60.2,not fire
24,04,2014,34,14,99,0,96.9,112,910.7,31.7,110.7,60.3,not fire
25,04,2014,34,14,99,0,96.9,112.7,925.3,31.8,110.8,60.4,not fire
26,04,2014,34,14,99,0,96.9,113.5,939.9,31.9,111,60.5,not fire
27,04,2014,34,14,99,0,96.9,114.2,954.5,32,111.1,60.6,not fire
28,04,2014,34,14,99,0,96.9,114.9,969.1,32.1,111.2,60.7,not fire
29,04,2014,34,14,99,0,96.9,115.6,983.7,32.2,111.3,60.8,not fire
30,04,2014,34,14,99,0,96.9,116.3,998.3,32.3,111.4,60.9,not fire
01,05,2014,34,14,99,0,96.9,116.9,1012.9,32.4,111.5,61,not fire
02,05,2014,34,14,99,0,96.9,117.6,1027.6,32.5,111.6,61.1,not fire
03,05,2014,34,14,99,0,96.9,118.2,1042.3,32.6,111.7,61.2,not fire
04,05,2014,34,14,99,0,96.9,118.9,1057,32.7,111.8,61.3,not fire
05,05,2014,34,14,99,0,96.9,119.5,1071.7,32.8,111.9,61.4,not fire
06,05,2014,34,14,99,0,96.9,120.2,1086.3,32.9,112,61.5,not fire
07,05,2014,34,14,99,0,96.9,120.8,1101,33,112,61.6,not fire
08,05,2014,34,14,99,0,96.9,121.4,1115.6,33.1,112.1,61.7,not fire
09,05,2014,34,14,99,0,96.9,122,1130.3,33.2,112.2,61.8,not fire
10,05,2014,34,14,99,0,96.9,122.6,1144.9,33.3,112.3,61.9,not fire
11,05,2014,34,14,99,0,96.9,123.1,1159.5,33.4,112.4,62,not fire
12,05,2014,34,14,99,0,96.9,123.7,1174.1,33.4,112.5,62,not fire
13,05,2014,34,14,99,0,96.9,124.2,1188.7,33.5,112.5,62.1,not fire
14,05,2014,34,14,99,0,96.9,124.7,1203.2,33.6,112.6,62.2,not fire
15,05,2014,34,14,99,0,96.9,125.2,1217.8,33.7,112.7,62.3,not fire
16,05,2014,34,14,99,0,96.9,125.7,1232.3,33.7,112.7,62.3,not fire
17,05,2014,34,14,99,0,96.9,126.2,1246.8,33.8,112.8,62.4,not fire
18,05,2014,34,14,99,0,96.9,126.6,1261.3,33.9,112.9,62.5,not fire
19,05,2014,34,14,99,0,96.9,127.1,1275.8,33.9,112.9,62.5,not fire
20,05,2014,34,14,99,0,96.9,127.5,1290.2,34,113,62.6,not fire
21,05,2014,34,14,99,0,96.9,127.9,1304.7,34.1,113.1,62.7,not fire
22,05,2014,34,14,99,0,96.9,128.3,1319.1,34.1,113.1,62.7,not fire
23,05,2014,34,14,99,0,96.9,128.7,1333.5,34.2,113.2,62.8,not fire
24,05,2014,34,14,99,0,96.9,129.1,1347.9,34.2,113.2,62.8,not fire
25,05,2014,34,14,99,0,96.9,129.5,1362.3,34.3,113.3,62.9,not fire
26,05,2014,34,14,99,0,96.9,129.8,1376.6,34.3,113.3,62.9,not fire
27,05,2014,34,14,99,0,96.9,130.2,1391,34.4,113.4,63,not fire
28,05,2014,34,14,99,0,96.9,130.5,1405.3,34.4,113.4,63,not fire
29,05,2014,34,14,99,0,96.9,130.8,1419.6,34.5,113.5,63.1,not fire
30,05,2014,34,14,99,0,96.9,131.1,1433.9,34.5,113.5,63.1,not fire
31,05,2014,34,14,99,0,96.9,131.4,1448.2,34.6,113.6,63.2,not fire
01,06,2014,31,65,15,0,85.2,3.6,11.4,2.0,5.2,0.8,not fire
02,06,2014,30,72,14,0.3,81.9,4.1,13.2,1.4,5.6,0.7,not fire
03,06,2014,28,79,13,0.9,77.8,3.5,10.8,0.8,4.2,0.3,not fire
04,06,2014,26,82,15,0.4,75.4,2.8,8.7,0.3,3.1,0.1,not fire
05,06,2014,29,74,16,0.5,78.3,3.9,11.6,1.0,4.7,0.5,not fire
06,06,2014,32,67,14,0,82.7,6.2,19.2,3.0,6.9,2.2,fire
07,06,2014,34,60,13,0,85.3,8.3,27.3,4.8,9.3,4.8,fire
08,06,2014,33,63,14,0,86.1,10.1,33.9,3.5,11.2,5.0,fire
09,06,2014,29,76,13,0.3,77.6,6.9,30.4,1.0,9.1,1.1,not fire
10,06,2014,31,73,15,0,80.4,8.8,41.2,2.0,11.7,2.5,not fire
11,06,2014,33,70,16,0,82.1,11.1,48.3,3.4,14.3,4.3,fire
12,06,2014,28,78,17,0,77.7,12.3,55.6,2.9,16.7,5.4,fire
13,06,2014,30,81,18,0.6,69.5,5.0,17.9,0.5,7.0,0.4,not fire
14,06,2014,32,76,17,0.1,71.8,4.7,13.8,1.0,6.2,0.7,not fire
15,06,2014,29,83,16,0.9,65.9,3.5,11.2,0.4,5.0,0.3,not fire
16,06,2014,30,86,15,0.3,64.3,2.8,9.1,0.2,4.1,0.1,not fire
17,06,2014,31,81,18,0,69.1,3.7,10.5,0.7,5.5,0.4,not fire
18,06,2014,33,78,17,0,72.7,5.0,14.8,1.3,7.0,1.0,not fire
19,06,2014,35,70,16,0,77.3,6.4,21.1,2.5,9.0,1.9,not fire
20,06,2014,34,66,14,0,80.2,8.2,27.2,3.7,11.3,3.1,fire
21,06,2014,32,64,13,0,81.6,10.4,34.2,3.2,13.9,3.9,fire
22,06,2014,33,68,15,0,82.4,11.9,40.3,4.2,16.2,5.0,fire
23,06,2014,31,71,16,0.2,75.6,8.4,29.2,1.7,11.5,2.0,not fire
24,06,2014,32,73,15,0,77.5,9.9,35.6,2.3,13.9,2.9,not fire
25,06,2014,30,76,17,0,73.8,10.9,42.5,1.8,15.8,2.3,not fire
26,06,2014,31,71,17,0,76.6,12.4,49.1,2.5,18.5,3.4,not fire
27,06,2014,33,66,14,0,79.7,13.9,55.7,4.5,20.8,4.8,fire
28,06,2014,34,63,15,0,81.8,16.5,62.5,5.4,23.6,6.6,fire
29,06,2014,32,69,13,0.2,78.4,11.3,53.4,1.3,19.2,2.1,not fire
30,06,2014,33,71,14,0,80.5,13.1,60.2,2.6,21.8,3.7,fire
01,07,2014,31,66,15,0.6,75.4,5.8,23.4,0.9,9.3,0.7,not fire
02,07,2014,29,74,16,1.0,71.9,5.4,22.1,0.8,8.6,0.5,not fire
03,07,2014,31,78,17,0.5,74.6,5.9,25.0,1.3,10.5,1.0,not fire
04,07,2014,32,70,16,0,78.2,7.9,32.3,3.1,14.0,2.8,not fire
05,07,2014,33,68,15,0,80.1,9.7,39.4,4.2,17.2,3.9,fire
06,07,2014,34,65,14,0,82.0,12.1,48.4,5.3,20.7,5.9,fire
07,07,2014,35,62,13,0.1,78.3,9.4,35.0,2.5,14.5,2.3,not fire
08,07,2014,34,64,15,0,80.8,12.1,43.5,4.4,18.2,4.9,fire
09,07,2014,33,68,14,1.2,72.7,6.4,14.5,1.0,7.7,0.8,not fire
10,07,2014,34,69,13,0.4,73.4,7.1,17.6,1.2,8.8,1.0,not fire
11,07,2014,35,71,14,0,76.3,8.8,25.4,2.4,11.1,2.2,not fire
12,07,2014,32,68,13,0.1,74.2,7.7,23.7,1.7,10.1,1.3,not fire
13,07,2014,33,73,15,0,77.6,10.1,34.7,3.0,14.8,3.2,not fire
14,07,2014,32,70,16,0.3,71.5,7.5,25.4,1.3,10.6,1.2,not fire
15,07,2014,31,74,17,0.1,67.8,6.2,19.5,1.1,8.8,0.6,not fire
16,07,2014,30,76,18,0,70.2,7.0,22.3,0.8,10.6,0.7,not fire
17,07,2014,31,78,17,0.5,73.0,8.0,27.5,1.4,12.7,1.4,not fire
18,07,2014,32,72,15,0.1,75.4,10.2,35.2,2.8,17.4,3.1,not fire
19,07,2014,34,68,14,0,78.1,11.9,43.1,3.7,21.1,4.4,fire
20,07,2014,35,64,13,0,81.3,14.3,52.4,5.1,26.3,5.9,fire
21,07,2014,36,60,12,0,83.8,17.1,62.9,6.4,31.7,7.5,fire
22,07,2014,34,66,13,0.2,79.0,13.0,44.7,2.7,20.0,3.4,not fire
23,07,2014,33,70,14,0.4,76.0,11.2,34.9,2.2,16.1,2.7,not fire
24,07,2014,31,74,16,0,71.5,9.1,26.3,1.5,12.4,1.3,not fire
25,07,2014,30,78,17,0.3,69.0,8.0,21.2,0.8,10.7,0.8,not fire
26,07,2014,32,75,16,0.6,72.9,10.5,31.0,1.7,15.1,2.0,not fire
27,07,2014,33,71,15,0,77.2,12.2,40.3,3.0,20.2,3.4,fire
28,07,2014,34,68,14,0,80.6,14.6,49.5,4.1,25.0,4.7,fire
29,07,2014,35,65,13,0.2,82.8,17.1,59.2,5.5,30.2,6.5,fire
30,07,2014,33,70,14,0,79.2,13.9,47.9,3.6,24.4,3.8,fire
31,07,2014,32,73,15,0.4,75.6,10.6,37.4,2.4,18.9,2.9,not fire
01,08,2014,34,14,99,0,96.9,131.7,1462.4,34.6,113.6,63.2,not fire
02,08,2014,34,14,99,0,96.9,132,1476.6,34.7,113.7,63.3,not fire
03,08,2014,34,14,99,0,96.9,132.2,1490.8,34.7,113.7,63.3,not fire
04,08,2014,34,14,99,0,96.9,132.5,1505,34.8,113.8,63.4,not fire
05,08,2014,34,14,99,0,96.9,132.7,1519.2,34.8,113.8,63.4,not fire
06,08,2014,34,14,99,0,96.9,132.9,1533.3,34.9,113.8,63.5,not fire
07,08,2014,34,14,99,0,96.9,133.2,1547.5,34.9,113.9,63.5,not fire
08,08,2014,34,14,99,0,96.9,133.4,1561.6,35,113.9,63.6,not fire
09,08,2014,34,14,99,0,96.9,133.6,1575.7,35,114,63.6,not fire
10,08,2014,34,14,99,0,96.9,133.8,1589.7,35.1,114,63.7,not fire
11,08,2014,34,14,99,0,96.9,134,1603.7,35.1,114.1,63.7,not fire
12,08,2014,34,14,99,0,96.9,134.2,1617.7,35.2,114.1,63.8,not fire
13,08,2014,34,14,99,0,96.9,134.4,1631.6,35.2,114.2,63.8,not fire
14,08,2014,34,14,99,0,96.9,134.6,1645.5,35.3,114.2,63.9,not fire
15,08,2014,34,14,99,0,96.9,134.7,1659.4,35.3,114.2,63.9,not fire
16,08,2014,34,14,99,0,96.9,134.9,1673.3,35.4,114.3,64,not fire
17,08,2014,34,14,99,0,96.9,135.1,1687.1,35.4,114.3,64,not fire
18,08,2014,34,14,99,0,96.9,135.2,1700.9,35.5,114.4,64.1,not fire
19,08,2014,34,14,99,0,96.9,135.4,1714.7,35.5,114.4,64.1,not fire
20,08,2014,34,14,99,0,96.9,135.5,1728.5,35.6,114.4,64.1,not fire
21,08,2014,34,14,99,0,96.9,135.6,1742.2,35.6,114.5,64.2,not fire
22,08,2014,34,14,99,0,96.9,135.8,1756,35.7,114.5,64.2,not fire
23,08,2014,34,14,99,0,96.9,135.9,1769.7,35.7,114.5,64.2,not fire
24,08,2014,34,14,99,0,96.9,136,1783.4,35.8,114.6,64.3,not fire
25,08,2014,34,14,99,0,96.9,136.2,1797,35.8,114.6,64.3,not fire
26,08,2014,34,14,99,0,96.9,136.3,1810.7,35.9,114.6,64.3,not fire
27,08,2014,34,14,99,0,96.9,136.4,1824.3,35.9,114.7,64.4,not fire
28,08,2014,34,14,99,0,96.9,136.5,1837.9,36,114.7,64.4,not fire
29,08,2014,34,14,99,0,96.9,136.6,1851.5,36,114.7,64.4,not fire
30,08,2014,34,14,99,0,96.9,136.7,1865,36.1,114.8,64.5,not fire
31,08,2014,34,14,99,0,96.9,136.8,1878.6,36.1,114.8,64.5,not fire
01,09,2014,34,14,99,0,96.9,137,1892.1,36.2,114.9,64.6,not fire
02,09,2014,34,14,99,0,96.9,137.1,1905.6,36.2,114.9,64.6,not fire
03,09,2014,34,14,99,0,96.9,137.2,1919.2,36.3,114.9,64.6,not fire
04,09,2014,34,14,99,0,96.9,137.3,1932.8,36.3,115,64.7,not fire
05,09,2014,34,14,99,0,96.9,137.4,1946.4,36.4,115,64.7,not fire
06,09,2014,34,14,99,0,96.9,137.5,1959.9,36.4,115,64.7,not fire
07,09,2014,34,14,99,0,96.9,137.6,1973.5,36.5,115.1,64.8,not fire
08,09,2014,34,14,99,0,96.9,137.6,1987.1,36.5,115.1,64.8,not fire
09,09,2014,34,14,99,0,96.9,137.7,2000.6,36.6,115.1,64.8,not fire
10,09,2014,34,14,99,0,96.9,137.8,2014.1,36.6,115.2,64.9,not fire
11,09,2014,34,14,99,0,96.9,137.9,2027.6,36.7,115.2,64.9,not fire
12,09,2014,34,14,99,0,96.9,138,2041.1,36.7,115.2,64.9,not fire
13,09,2014,34,14,99,0,96.9,138.1,2054.6,36.8,115.3,65,not fire
14,09,2014,34,14,99,0,96.9,138.2,2068,36.8,115.3,65,not fire
15,09,2014,34,14,99,0,96.9,138.3,2081.5,36.9,115.3,65,not fire
16,09,2014,34,14,99,0,96.9,138.4,2094.9,36.9,115.4,65.1,not fire
17,09,2014,34,14,99,0,96.9,138.5,2108.3,37,115.4,65.1,not fire
18,09,2014,34,14,99,0,96.9,138.5,2121.8,37,115.4,65.1,not fire
19,09,2014,34,14,99,0,96.9,138.6,2135.2,37.1,115.5,65.2,not fire
20,09,2014,34,14,99,0,96.9,138.7,2148.6,37.1,115.5,65.2,not fire
21,09,2014,34,14,99,0,96.9,138.7,2162,37.2,115.5,65.2,not fire
22,09,2014,34,14,99,0,96.9,138.8,2175.3,37.2,115.6,65.3,not fire
23,09,2014,34,14,99,0,96.9,138.9,2188.7,37.3,115.6,65.3,not fire
24,09,2014,34,14,99,0,96.9,139,2202,37.3,115.6,65.3,not fire
25,09,2014,34,14,99,0,96.9,139,2215.4,37.4,115.7,65.4,not fire
26,09,2014,34,14,99,0,96.9,139.1,2228.7,37.4,115.7,65.4,not fire
27,09,2014,34,14,99,0,96.9,139.2,2242,37.5,115.7,65.4,not fire
28,09,2014,34,14,99,0,96.9,139.2,2255.3,37.5,115.8,65.5,not fire
29,09,2014,34,14,99,0,96.9,139.3,2268.6,37.6,115.8,65.5,not fire
30,09,2014,34,14,99,0,96.9,139.4,2281.9,37.6,115.8,65.5,not fire
01,10,2014,34,14,99,0,96.9,139.5,2295.2,37.7,115.9,65.6,not fire
02,10,2014,34,14,99,0,96.9,139.5,2308.4,37.7,115.9,65.6,not fire
03,10,2014,34,14,99,0,96.9,139.6,2321.7,37.8,115.9,65.6,not fire
04,10,2014,34,14,99,0,96.9,139.6,2335,37.8,116,65.7,not fire
05,10,2014,34,14,99,0,96.9,139.7,2348.2,37.9,116,65.7,not fire
06,10,2014,34,14,99,0,96.9,139.7,2361.4,37.9,116,65.7,not fire
07,10,2014,34,14,99,0,96.9,139.8,2374.6,38,116.1,65.8,not fire
08,10,2014,34,14,99,0,96.9,139.8,2387.8,38,116.1,65.8,not fire
09,10,2014,34,14,99,0,96.9,139.9,2401,38.1,116.1,65.8,not fire
10,10,2014,34,14,99,0,96.9,139.9,2414.1,38.1,116.2,65.9,not fire
11,10,2014,34,14,99,0,96.9,140,2427.3,38.2,116.2,65.9,not fire
12,10,2014,34,14,99,0,96.9,140,2440.4,38.2,116.2,65.9,not fire
13,10,2014,34,14,99,0,96.9,140.1,2453.5,38.3,116.3,66,not fire
14,10,2014,34,14,99,0,96.9,140.1,2466.6,38.3,116.3,66,not fire
15,10,2014,34,14,99,0,96.9,140.2,2479.7,38.4,116.3,66,not fire
16,10,2014,34,14,99,0,96.9,140.2,2492.8,38.4,116.4,66.1,not fire
17,10,2014,34,14,99,0,96.9,140.3,2505.8,38.5,116.4,66.1,not fire
18,10,2014,34,14,99,0,96.9,140.3,2518.8,38.5,116.4,66.1,not fire
19,10,2014,34,14,99,0,96.9,140.4,2531.8,38.6,116.5,66.2,not fire
20,10,2014,34,14,99,0,96.9,140.4,2544.7,38.6,116.5,66.2,not fire
21,10,2014,34,14,99,0,96.9,140.5,2557.7,38.7,116.5,66.2,not fire
22,10,2014,34,14,99,0,96.9,140.5,2570.6,38.7,116.6,66.3,not fire
23,10,2014,34,14,99,0,96.9,140.6,2583.5,38.8,116.6,66.3,not fire
24,10,2014,34,14,99,0,96.9,140.6,2596.4,38.8,116.6,66.3,not fire
25,10,2014,34,14,99,0,96.9,140.7,2609.3,38.9,116.7,66.4,not fire
26,10,2014,34,14,99,0,96.9,140.7,2622.1,38.9,116.7,66.4,not fire
27,10,2014,34,14,99,0,96.9,140.7,2635,39,116.7,66.4,not fire
28,10,2014,34,14,99,0,96.9,140.8,2647.8,39,116.8,66.5,not fire
29,10,2014,34,14,99,0,96.9,140.8,2660.6,39.1,116.8,66.5,not fire
30,10,2014,34,14,99,0,96.9,140.9,2673.4,39.1,116.8,66.5,not fire
31,10,2014,34,14,99,0,96.9,140.9,2686.1,39.2,116.9,66.6,not fire
01,11,2014,34,14,99,0,96.9,141,2698.8,39.2,116.9,66.6,not fire
02,11,2014,34,14,99,0,96.9,141,2711.5,39.3,116.9,66.6,not fire
03,11,2014,34,14,99,0,96.9,141.1,2724.2,39.3,116.9,66.6,not fire
04,11,2014,34,14,99,0,96.9,141.1,2736.9,39.4,117,66.7,not fire
05,11,2014,34,14,99,0,96.9,141.2,2749.5,39.4,117,66.7,not fire
06,11,2014,34,14,99,0,96.9,141.2,2762.1,39.5,117,66.7,not fire
07,11,2014,34,14,99,0,96.9,141.3,2774.7,39.5,117.1,66.8,not fire
08,11,2014,34,14,99,0,96.9,141.3,2787.3,39.6,117.1,66.8,not fire
09,11,2014,34,14,99,0,96.9,141.4,2799.8,39.6,117.1,66.8,not fire
10,11,2014,34,14,99,0,96.9,141.4,2812.3,39.7,117.2,66.9,not fire
11,11,2014,34,14,99,0,96.9,141.4,2824.8,39.7,117.2,66.9,not fire
12,11,2014,34,14,99,0,96.9,141.5,2837.2,39.8,117.2,66.9,not fire
13,11,2014,34,14,99,0,96.9,141.5,2849.6,39.8,117.3,67,not fire
14,11,2014,34,14,99,0,96.9,141.6,2862,39.9,117.3,67,not fire
15,11,2014,34,14,99,0,96.9,141.6,2874.3,39.9,117.3,67,not fire
16,11,2014,34,14,99,0,96.9,141.7,2886.7,40,117.4,67.1,not fire
17,11,2014,34,14,99,0,96.9,141.7,2899,40,117.4,67.1,not fire
18,11,2014,34,14,99,0,96.9,141.7,2911.3,40.1,117.4,67.1,not fire
19,11,2014,34,14,99,0,96.9,141.8,2923.6,40.1,117.5,67.2,not fire
20,11,2014,34,14,99,0,96.9,141.8,2935.9,40.2,117.5,67.2,not fire
21,11,2014,34,14,99,0,96.9,141.9,2948.1,40.2,117.5,67.2,not fire
22,11,2014,34,14,99,0,96.9,141.9,2960.3,40.3,117.6,67.3,not fire
23,11,2014,34,14,99,0,96.9,142,2972.5,40.3,117.6,67.3,not fire
24,11,2014,34,14,99,0,96.9,142,2984.6,40.4,117.6,67.3,not fire
25,11,2014,34,14,99,0,96.9,142,2996.7,40.4,117.7,67.4,not fire
26,11,2014,34,14,99,0,96.9,142.1,3008.8,40.5,117.7,67.4,not fire
27,11,2014,34,14,99,0,96.9,142.1,3020.8,40.5,117.7,67.4,not fire
28,11,2014,34,14,99,0,96.9,142.2,3032.8,40.6,117.8,67.5,not fire
29,11,2014,34,14,99,0,96.9,142.2,3044.8,40.6,117.8,67.5,not fire
30,11,2014,34,14,99,0,96.9,142.2,3056.7,40.7,117.8,67.5,not fire
01,12,2014,34,14,99,0,96.9,142.2,3068.6,40.7,117.9,67.6,not fire
02,12,2014,34,14,99,0,96.9,142.3,3080.4,40.8,117.9,67.6,not fire
03,12,2014,34,14,99,0,96.9,142.3,3092.2,40.8,117.9,67.6,not fire
04,12,2014,34,14,99,0,96.9,142.3,3103.9,40.9,118,67.7,not fire
05,12,2014,34,14,99,0,96.9,142.4,3115.6,40.9,118,67.7,not fire
06,12,2014,34,14,99,0,96.9,142.4,3127.3,41,118,67.7,not fire
07,12,2014,34,14,99,0,96.9,142.5,3138.9,41,118.1,67.8,not fire
08,12,2014,34,14,99,0,96.9,142.5,3150.5,41.1,118.1,67.8,not fire
09,12,2014,34,14,99,0,96.9,142.5,3162.1,41.1,118.1,67.8,not fire
10,12,2014,34,14,99,0,96.9,142.6,3173.6,41.2,118.2,67.9,not fire
11,12,2014,34,14,99,0,96.9,142.6,3185.1,41.2,118.2,67.9,not fire
12,12,2014,34,14,99,0,96.9,142.6,3196.6,41.3,118.2,67.9,not fire
13,12,2014,34,14,99,0,96.9,142.7,3208,41.3,118.3,68,not fire
14,12,2014,34,14,99,0,96.9,142.7,3219.4,41.4,118.3,68,not fire
15,12,2014,34,14,99,0,96.9,142.8,3230.7,41.4,118.3,68,not fire
16,12,2014,34,14,99,0,96.9,142.8,3242,41.5,118.4,68.1,not fire
17,12,2014,34,14,99,0,96.9,142.8,3253.3,41.5,118.4,68.1,not fire
18,12,2014,34,14,99,0,96.9,142.9,3264.5,41.6,118.4,68.1,not fire
19,12,2014,34,14,99,0,96.9,142.9,3275.7,41.6,118.5,68.2,not fire
20,12,2014,34,14,99,0,96.9,142.9,3286.8,41.7,118.5,68.2,not fire
21,12,2014,34,14,99,0,96.9,143,3297.9,41.7,118.5,68.2,not fire
22,12,2014,34,14,99,0,96.9,143,3308.9,41.8,118.6,68.3,not fire
23,12,2014,34,14,99,0,96.9,143.1,3319.9,41.8,118.6,68.3,not fire
24,12,2014,34,14,99,0,96.9,143.1,3330.8,41.9,118.6,68.3,not fire
25,12,2014,34,14,99,0,96.9,143.1,3341.7,41.9,118.7,68.4,not fire
26,12,2014,34,14,99,0,96.9,143.2,3352.6,42,118.7,68.4,not fire
27,12,2014,34,14,99,0,96.9,143.2,3363.4,42,118.7,68.4,not fire
28,12,2014,34,14,99,0,96.9,143.2,3374.2,42.1,118.8,68.5,not fire
29,12,2014,34,14,99,0,96.9,143.3,3385,42.1,118.8,68.5,not fire
30,12,2014,34,14,99,0,96.9,143.3,3395.7,42.2,118.8,68.5,not fire
31,12,2014,34,14,99,0,96.9,143.3,3406.4,42.2,118.9,68.6,not fire
01,01,2015,12,87,3.3,2.6,77.5,12.8,93.7,2.6,8.8,1.9,not fire
02,01,2015,13,89,2.8,0.3,77.1,11.7,91.2,2.6,8.5,1.8,not fire
03,01,2015,13,90,2.4,0.1,76.8,10.6,88.9,2.6,8.3,1.8,not fire
04,01,2015,13,91,2.3,0,76.4,9.6,86.7,2.6,8.1,1.7,not fire
05,01,2015,13,92,2.2,0,76.1,8.8,84.7,2.6,8,1.7,not fire
06,01,2015,13,93,2.1,0,75.8,8.1,82.8,2.6,7.9,1.7,not fire
07,01,2015,13,94,2,0,75.5,7.5,81,2.6,7.8,1.7,not fire
08,01,2015,13,95,2,0,75.2,6.9,79.3,2.6,7.7,1.7,not fire
09,01,2015,13,95,2,0,74.9,6.4,77.7,2.6,7.6,1.7,not fire
10,01,2015,13,96,1.9,0,74.6,5.9,76.1,2.6,7.5,1.7,not fire
11,01,2015,13,97,1.9,0,74.3,5.5,74.7,2.6,7.4,1.7,not fire
12,01,2015,13,97,1.9,0,74,5.1,73.3,2.5,7.3,1.6,not fire
13,01,2015,13,98,1.8,0,73.7,4.8,71.9,2.5,7.2,1.6,not fire
14,01,2015,13,98,1.8,0,73.4,4.5,70.6,2.5,7.2,1.6,not fire
15,01,2015,13,99,1.7,0,73.1,4.3,69.4,2.5,7.1,1.6,not fire
16,01,2015,13,99,1.7,0,72.8,4.1,68.3,2.5,7,1.6,not fire
17,01,2015,13,99,1.7,0,72.6,3.9,67.2,2.5,7,1.6,not fire
18,01,2015,13,99,1.6,0,72.3,3.7,66.1,2.5,6.9,1.6,not fire
19,01,2015,13,100,1.6,0,72,3.6,65.1,2.5,6.8,1.6,not fire
20,01,2015,13,100,1.6,0,71.7,3.4,64.1,2.4,6.8,1.6,not fire
21,01,2015,13,100,1.6,0,71.5,3.3,63.2,2.4,6.7,1.6,not fire
22,01,2015,13,100,1.5,0,71.2,3.2,62.3,2.4,6.7,1.6,not fire
23,01,2015,13,100,1.5,0,71,3,61.4,2.4,6.6,1.6,not fire
24,01,2015,13,100,1.5,0,70.7,2.9,60.6,2.4,6.6,1.6,not fire
25,01,2015,13,100,1.5,0,70.5,2.8,59.8,2.4,6.5,1.6,not fire
26,01,2015,13,100,1.5,0,70.3,2.7,59,2.4,6.5,1.6,not fire
27,01,2015,13,100,1.5,0,70,2.6,58.3,2.4,6.4,1.6,not fire
28,01,2015,13,100,1.5,0,69.8,2.5,57.6,2.4,6.4,1.6,not fire
29,01,2015,13,100,1.5,0,69.6,2.4,56.9,2.3,6.3,1.6,not fire
30,01,2015,13,100,1.4,0,69.4,2.3,56.2,2.3,6.3,1.6,not fire
31,01,2015,13,100,1.4,0,69.2,2.2,55.6,2.3,6.2,1.6,not fire
01,02,2015,13,100,1.4,0,69,2.1,55,2.3,6.2,1.6,not fire
02,02,2015,13,100,1.4,0,68.8,2,54.4,2.3,6.1,1.6,not fire
03,02,2015,13,100,1.4,0,68.6,1.9,53.8,2.3,6.1,1.6,not fire
04,02,2015,13,100,1.4,0,68.4,1.8,53.2,2.3,6.1,1.6,not fire
05,02,2015,13,100,1.3,0,68.2,1.8,52.6,2.3,6,1.6,not fire
06,02,2015,13,100,1.3,0,68,1.7,52,2.3,6,1.6,not fire
07,02,2015,13,100,1.3,0,67.8,1.6,51.5,2.3,6,1.6,not fire
08,02,2015,13,100,1.3,0,67.7,1.6,51,2.2,5.9,1.6,not fire
09,02,2015,13,100,1.3,0,67.5,1.5,50.5,2.2,5.9,1.6,not fire
10,02,2015,13,100,1.3,0,67.3,1.5,50,2.2,5.9,1.6,not fire
11,02,2015,13,100,1.2,0,67.1,1.4,49.5,2.2,5.8,1.6,not fire
12,02,2015,13,100,1.2,0,67,1.4,49,2.2,5.8,1.6,not fire
13,02,2015,13,100,1.2,0,66.8,1.3,48.5,2.2,5.8,1.6,not fire
14,02,2015,13,100,1.2,0,66.6,1.3,48,2.2,5.7,1.6,not fire
15,02,2015,13,100,1.2,0,66.5,1.3,47.5,2.2,5.7,1.6,not fire
16,02,2015,13,100,1.2,0,66.3,1.2,47,2.2,5.7,1.6,not fire
17,02,2015,13,100,1.2,0,66.1,1.2,46.5,2.2,5.7,1.6,not fire
18,02,2015,13,100,1.1,0,66,1.2,46,2.2,5.6,1.6,not fire
19,02,2015,13,100,1.1,0,65.8,1.1,45.5,2.1,5.6,1.6,not fire
20,02,2015,13,100,1.1,0,65.7,1.1,45,2.1,5.6,1.6,not fire
21,02,2015,13,100,1.1,0,65.5,1.1,44.5,2.1,5.6,1.6,not fire
22,02,2015,13,100,1.1,0,65.4,1,44,2.1,5.6,1.6,not fire
23,02,2015,13,100,1.1,0,65.2,1,43.5,2.1,5.6,1.6,not fire
24,02,2015,13,100,1.1,0,65.1,1,43,2.1,5.6,1.6,not fire
25,02,2015,13,100,1.1,0,64.9,1,42.5,2.1,5.5,1.6,not fire
26,02,2015,13,100,1,0,64.8,1,42,2.1,5.5,1.6,not fire
27,02,2015,13,100,1,0,64.7,0.9,41.5,2.1,5.5,1.6,not fire
28,02,2015,13,100,1,0,64.5,0.9,41,2.1,5.5,1.6,not fire
01,03,2015,13,100,1,0,64.4,0.9,40.5,2,5.5,1.6,not fire
02,03,2015,13,100,1,0,64.3,0.9,40,2,5.5,1.6,not fire
03,03,2015,13,100,1,0,64.1,0.9,39.5,2,5.5,1.6,not fire
04,03,2015,13,100,0.9,0,64,0.8,39,2,5.5,1.6,not fire
05,03,2015,13,100,0.9,0,63.9,0.8,38.5,2,5.5,1.6,not fire
06,03,2015,13,100,0.9,0,63.7,0.8,38,2,5.5,1.6,not fire
07,03,2015,13,100,0.9,0,63.6,0.7,37.5,2,5.5,1.6,not fire
08,03,2015,13,100,0.9,0,63.5,0.7,37,1.9,5.4,1.6,not fire
09,03,2015,13,100,0.9,0,63.4,0.7,36.5,1.9,5.4,1.6,not fire
10,03,2015,13,100,0.9,0,63.3,0.7,36,1.9,5.4,1.6,not fire
11,03,2015,13,100,0.8,0,63.2,0.6,35.5,1.9,5.4,1.6,not fire
12,03,2015,13,100,0.8,0,63.1,0.6,35,1.9,5.4,1.6,not fire
13,03,2015,13,100,0.8,0,63,0.6,34.5,1.9,5.4,1.6,not fire
14,03,2015,13,100,0.8,0,62.9,0.6,34,1.9,5.3,1.6,not fire
15,03,2015,13,100,0.8,0,62.8,0.6,33.5,1.9,5.3,1.6,not fire
16,03,2015,13,100,0.8,0,62.7,0.6,33,1.9,5.3,1.6,not fire
17,03,2015,13,100,0.8,0,62.6,0.5,32.5,1.9,5.3,1.6,not fire
18,03,2015,13,100,0.7,0,62.5,0.5,32,1.8,5.3,1.6,not fire
19,03,2015,13,100,0.7,0,62.4,0.5,31.5,1.8,5.3,1.6,not fire
20,03,2015,13,100,0.7,0,62.3,0.5,31,1.8,5.3,1.6,not fire
21,03,2015,13,100,0.7,0,62.2,0.5,30.5,1.8,5.2,1.6,not fire
22,03,2015,13,100,0.7,0,62.1,0.5,30,1.8,5.2,1.6,not fire
23,03,2015,13,100,0.7,0,62,0.5,29.5,1.8,5.2,1.6,not fire
24,03,2015,13,100,0.7,0,61.9,0.4,29,1.8,5.2,1.6,not fire
25,03,2015,13,100,0.7,0,61.8,0.4,28.5,1.8,5.2,1.6,not fire
26,03,2015,13,100,0.7,0,61.7,0.4,28,1.8,5.2,1.6,not fire
27,03,2015,13,100,0.7,0,61.6,0.4,27.5,1.8,5.2,1.6,not fire
28,03,2015,13,100,0.6,0,61.5,0.4,27,1.8,5.1,1.6,not fire
29,03,2015,13,100,0.6,0,61.4,0.4,26.5,1.8,5.1,1.6,not fire
30,03,2015,13,100,0.6,0,61.3,0.4,26,1.7,5.1,1.6,not fire
31,03,2015,13,100,0.6,0,61.2,0.4,25.5,1.7,5.1,1.6,not fire
01,04,2015,13,100,0.6,0,61.2,0.4,25,1.7,5.1,1.6,not fire
02,04,2015,13,100,0.6,0,61.1,0.4,24.5,1.7,5.1,1.6,not fire
03,04,2015,13,100,0.6,0,61,0.4,24,1.7,5.1,1.6,not fire
04,04,2015,13,100,0.6,0,60.9,0.4,23.5,1.7,5.1,1.6,not fire
05,04,2015,13,100,0.6,0,60.8,0.4,23,1.7,5.1,1.6,not fire
06,04,2015,13,100,0.6,0,60.7,0.4,22.5,1.7,5.1,1.6,not fire
07,04,2015,13,100,0.6,0,60.6,0.4,22,1.7,5.1,1.6,not fire
08,04,2015,13,100,0.6,0,60.5,0.4,21.5,1.7,5,1.6,not fire
09,04,2015,13,100,0.6,0,60.4,0.4,21,1.7,5,1.6,not fire
10,04,2015,13,100,0.6,0,60.3,0.4,20.5,1.7,5,1.6,not fire
11,04,2015,13,100,0.6,0,60.2,0.4,20,1.7,5,1.6,not fire
12,04,2015,13,100,0.6,0,60.1,0.4,19.5,1.7,5,1.6,not fire
13,04,2015,13,100,0.6,0,60,0.4,19,1.7,5,1.6,not fire
14,04,2015,13,100,0.6,0,59.9,0.4,18.5,1.7,5,1.6,not fire
15,04,2015,13,100,0.6,0,59.8,0.4,18,1.6,5,1.6,not fire
16,04,2015,13,100,0.6,0,59.7,0.4,17.5,1.6,5,1.6,not fire
17,04,2015,13,100,0.6,0,59.6,0.4,17,1.6,5,1.6,not fire
18,04,2015,13,100,0.6,0,59.5,0.4,16.5,1.6,5,1.6,not fire
19,04,2015,13,100,0.6,0,59.4,0.4,16,1.6,5,1.6,not fire
20,04,2015,13,100,0.6,0,59.3,0.4,15.5,1.6,5,1.6,not fire
21,04,2015,13,100,0.6,0,59.2,0.4,15,1.6,5,1.6,not fire
22,04,2015,13,100,0.6,0,59.1,0.4,14.5,1.6,5,1.6,not fire
23,04,2015,13,100,0.6,0,59,0.4,14,1.6,5,1.6,not fire
24,04,2015,13,100,0.6,0,58.9,0.4,13.5,1.6,5,1.6,not fire
25,04,2015,13,100,0.6,0,58.8,0.4,13,1.6,5,1.6,not fire
26,04,2015,13,100,0.6,0,58.7,0.4,12.5,1.6,5,1.6,not fire
27,04,2015,13,100,0.6,0,58.6,0.4,12,1.6,5,1.6,not fire
28,04,2015,13,100,0.6,0,58.5,0.4,11.5,1.6,5,1.6,not fire
29,04,2015,13,100,0.6,0,58.4,0.4,11,1.6,5,1.6,not fire
30,04,2015,13,100,0.6,0,58.3,0.4,10.5,1.6,5,1.6,not fire
01,05,2015,16,100,0.6,0,58.2,0.4,10,1.6,5,1.6,not fire
02,05,2015,16,100,0.6,0,58.1,0.4,9.5,1.6,5,1.6,not fire
03,05,2015,16,100,0.6,0,58,0.4,9,1.6,5,1.6,not fire
04,05,2015,16,100,0.6,0,57.9,0.4,8.5,1.6,5,1.6,not fire
05,05,2015,16,100,0.6,0,57.8,0.4,8,1.6,5,1.6,not fire
06,05,2015,16,100,0.6,0,57.7,0.4,7.5,1.6,5,1.6,not fire
07,05,2015,16,100,0.6,0,57.6,0.4,7,1.6,5,1.6,not fire
08,05,2015,16,100,0.6,0,57.5,0.4,6.5,1.6,5,1.6,not fire
09,05,2015,16,100,0.6,0,57.4,0.4,6,1.6,5,1.6,not fire
10,05,2015,16,100,0.6,0,57.3,0.4,5.5,1.6,5,1.6,not fire
11,05,2015,16,100,0.6,0,57.2,0.4,5,1.6,5,1.6,not fire
12,05,2015,16,100,0.6,0,57.1,0.4,4.5,1.6,5,1.6,not fire
13,05,2015,16,100,0.6,0,57,0.4,4,1.6,5,1.6,not fire
14,05,2015,16,100,0.6,0,56.9,0.4,3.5,1.6,5,1.6,not fire
15,05,2015,16,100,0.6,0,56.8,0.4,3,1.6,5,1.6,not fire
16,05,2015,16,100,0.6,0,56.7,0.4,2.5,1.6,5,1.6,not fire
17,05,2015,16,100,0.6,0,56.6,0.4,2,1.6,5,1.6,not fire
18,05,2015,16,100,0.6,0,56.5,0.4,1.5,1.6,5,1.6,not fire
19,05,2015,16,100,0.6,0,56.4,0.4,1,1.6,5,1.6,not fire
20,05,2015,16,100,0.6,0,56.3,0.4,0.5,1.6,5,1.6,not fire
21,05,2015,16,100,0.6,0,56.2,0.4,0,1.6,5,1.6,not fire
22,05,2015,16,100,0.6,0,56.1,0.4,0,1.6,5,1.6,not fire
23,05,2015,16,100,0.6,0,56,0.4,0,1.6,5,1.6,not fire
24,05,2015,16,100,0.6,0,55.9,0.4,0,1.6,5,1.6,not fire
25,05,2015,16,100,0.6,0,55.8,0.4,0,1.6,5,1.6,not fire
26,05,2015,16,100,0.6,0,55.7,0.4,0,1.6,5,1.6,not fire
27,05,2015,16,100,0.6,0,55.6,0.4,0,1.6,5,1.6,not fire
28,05,2015,16,100,0.6,0,55.5,0.4,0,1.6,5,1.6,not fire
29,05,2015,16,100,0.6,0,55.4,0.4,0,1.6,5,1.6,not fire
30,05,2015,16,100,0.6,0,55.3,0.4,0,1.6,5,1.6,not fire
31,05,2015,16,100,0.6,0,55.2,0.4,0,1.6,5,1.6,not fire
01,06,2015,32,66,16,0,85.1,3.7,10.2,2.0,4.7,0.9,not fire
02,06,2015,31,72,15,0.4,82.3,4.4,12.5,1.5,5.3,0.8,not fire
03,06,2015,29,78,14,1.0,78.7,3.4,9.6,0.7,3.9,0.4,not fire
04,06,2015,27,81,16,0.3,76.8,2.7,7.8,0.4,3.1,0.2,not fire
05,06,2015,30,73,17,0.6,79.2,3.8,11.3,0.9,4.6,0.5,not fire
06,06,2015,33,66,15,0,84.5,5.8,19.5,3.1,6.8,2.3,fire
07,06,2015,35,59,14,0,86.8,8.5,28.0,5.3,9.2,5.0,fire
08,06,2015,34,62,15,0,87.7,10.3,34.0,4.0,11.1,5.2,fire
09,06,2015,30,75,14,0.3,77.9,7.0,30.0,1.1,9.0,1.1,not fire
10,06,2015,32,72,16,0,80.7,8.9,40.5,2.2,11.6,2.6,not fire
11,06,2015,34,69,17,0,82.5,11.2,47.7,3.6,14.2,4.4,fire
12,06,2015,29,77,18,0,77.4,12.5,54.8,3.1,16.6,5.5,fire
13,06,2015,31,80,19,0.5,69.3,5.1,17.6,0.6,6.9,0.5,not fire
14,06,2015,33,75,18,0.2,71.6,4.6,13.5,1.1,6.1,0.6,not fire
15,06,2015,30,82,17,0.8,65.8,3.4,11.0,0.5,4.9,0.3,not fire
16,06,2015,31,85,16,0.4,64.0,2.7,8.9,0.2,4.0,0.1,not fire
17,06,2015,32,80,19,0,69.0,3.8,10.3,0.7,5.4,0.4,not fire
18,06,2015,34,77,18,0,72.6,5.2,14.6,1.4,6.9,1.0,not fire
19,06,2015,36,69,17,0,77.1,6.8,21.0,2.6,8.9,2.0,not fire
20,06,2015,35,65,15,0,79.9,8.7,27.0,3.8,11.2,3.2,fire
21,06,2015,33,63,14,0,81.3,10.9,33.5,3.4,13.8,4.0,fire
22,06,2015,34,67,16,0,82.2,12.5,39.5,4.5,16.1,5.1,fire
23,06,2015,32,70,17,0.3,75.7,8.5,28.5,1.8,11.2,2.1,not fire
24,06,2015,33,72,16,0,77.5,10.0,35.0,2.5,13.5,3.0,not fire
25,06,2015,31,76,18,0,73.5,11.1,41.8,2.0,15.6,2.4,not fire
26,06,2015,32,70,18,0,76.6,12.7,48.0,2.7,18.2,3.6,not fire
27,06,2015,34,65,15,0,79.5,14.1,54.6,4.7,20.5,4.9,fire
28,06,2015,35,62,16,0,81.7,16.7,61.4,5.6,23.3,6.7,fire
29,06,2015,33,68,14,0.3,78.0,11.5,52.2,1.4,19.0,2.2,not fire
30,06,2015,34,70,15,0,80.1,13.3,59.0,2.7,21.6,3.7,fire
01,07,2015,32,65,16,0.6,75.2,5.9,22.2,0.9,9.2,0.8,not fire
02,07,2015,30,73,17,1.1,71.7,5.5,20.9,0.8,8.5,0.6,not fire
03,07,2015,32,77,18,0.6,74.5,6.0,23.8,1.3,10.4,1.1,not fire
04,07,2015,33,69,17,0,78.0,8.0,31.5,3.0,13.9,2.9,not fire
05,07,2015,34,67,16,0,80.0,9.8,38.6,4.1,17.1,4.0,fire
06,07,2015,35,64,15,0,82.1,12.2,47.8,5.2,20.6,6.0,fire
07,07,2015,36,61,14,0.1,78.5,9.6,34.1,2.4,14.4,2.5,not fire
08,07,2015,35,63,16,0,80.6,12.3,42.6,4.3,18.1,4.9,fire
09,07,2015,34,67,15,1.3,72.5,6.7,13.4,1.0,7.6,0.7,not fire
10,07,2015,35,68,14,0.5,73.2,7.5,16.6,1.3,8.7,1.0,not fire
11,07,2015,36,70,15,0,76.1,9.2,24.4,2.5,11.0,2.1,not fire
12,07,2015,32,67,14,0.1,74.1,8.0,22.6,1.8,10.1,1.3,not fire
13,07,2015,33,72,16,0,77.5,10.5,33.6,3.0,14.7,3.1,not fire
14,07,2015,32,69,17,0.4,71.4,7.8,24.4,1.3,10.5,1.2,not fire
15,07,2015,31,73,18,0.1,67.8,6.4,18.5,1.1,8.7,0.7,not fire
16,07,2015,30,75,19,0,70.1,7.2,21.2,0.8,10.5,0.8,not fire
17,07,2015,31,77,18,0.6,72.9,8.1,26.3,1.3,12.6,1.3,not fire
18,07,2015,32,71,16,0.1,75.2,10.3,34.2,2.7,17.2,3.0,not fire
19,07,2015,34,67,15,0,77.9,11.8,42.2,3.6,20.9,4.3,fire
20,07,2015,35,63,14,0,81.1,14.2,51.5,5.0,25.8,5.8,fire
21,07,2015,36,59,13,0,83.6,17.0,61.7,6.3,31.3,7.4,fire
22,07,2015,34,65,14,0.2,78.8,12.9,43.5,2.6,19.7,3.2,not fire
23,07,2015,33,69,15,0.5,75.8,11.1,34.1,2.1,15.9,2.5,not fire
24,07,2015,31,73,17,0,71.3,8.9,25.5,1.4,12.2,1.4,not fire
25,07,2015,30,77,18,0.4,69.1,7.8,20.6,0.7,10.6,0.7,not fire
26,07,2015,32,74,17,0.7,72.8,10.2,30.1,1.6,15.0,1.8,not fire
27,07,2015,33,70,16,0,77.0,11.8,39.1,2.9,19.8,3.2,fire
28,07,2015,34,67,15,0,80.5,14.4,48.3,4.0,24.6,4.8,fire
29,07,2015,35,64,14,0.3,82.7,16.9,58.0,5.4,29.7,6.4,fire
30,07,2015,33,69,15,0,79.1,13.7,46.7,3.5,23.9,3.7,fire
31,07,2015,32,72,16,0.5,75.5,10.4,36.2,2.3,18.5,2.8,not fire
01,08,2015,20,91,1.4,0,89.4,112.2,573.7,8.7,117.7,8.7,not fire
02,08,2015,19,89,1.4,0,89.3,111.9,573.5,8.6,117.5,8.6,not fire
03,08,2015,19,89,1.4,0,89.2,111.6,573.2,8.5,117.2,8.5,not fire
04,08,2015,19,88,1.4,0,89.1,111.3,572.9,8.4,117,8.4,not fire
05,08,2015,19,88,1.4,0,89,111,572.6,8.3,116.7,8.3,not fire
06,08,2015,19,88,1.4,0,88.9,110.7,572.4,8.2,116.4,8.2,not fire
07,08,2015,19,87,1.4,0,88.8,110.4,572.1,8.1,116.2,8.1,not fire
08,08,2015,19,87,1.4,0,88.7,110.1,571.8,8,115.9,8,not fire
09,08,2015,19,87,1.4,0,88.6,109.8,571.5,7.9,115.6,7.9,not fire
10,08,2015,19,86,1.4,0,88.5,109.5,571.3,7.8,115.4,7.8,not fire
11,08,2015,19,86,1.4,0,88.4,109.2,571,7.7,115.1,7.7,not fire
12,08,2015,19,86,1.4,0,88.3,108.9,570.7,7.6,114.8,7.6,not fire
13,08,2015,19,85,1.4,0,88.2,108.6,570.4,7.5,114.6,7.5,not fire
14,08,2015,19,85,1.4,0,88.1,108.3,570.1,7.4,114.3,7.4,not fire
15,08,2015,19,85,1.4,0,88,108,569.9,7.3,114,7.3,not fire
16,08,2015,19,84,1.4,0,87.9,107.7,569.6,7.2,113.7,7.2,not fire
17,08,2015,19,84,1.4,0,87.8,107.4,569.3,7.1,113.5,7.1,not fire
18,08,2015,19,84,1.4,0,87.7,107.1,569,7,113.2,7,not fire
19,08,2015,19,83,1.4,0,87.6,106.8,568.7,6.9,112.9,6.9,not fire
20,08,2015,19,83,1.4,0,87.5,106.5,568.5,6.8,112.7,6.8,not fire
21,08,2015,19,83,1.4,0,87.4,106.2,568.2,6.7,112.4,6.7,not fire
22,08,2015,19,82,1.4,0,87.3,105.9,567.9,6.6,112.1,6.6,not fire
23,08,2015,19,82,1.4,0,87.2,105.6,567.6,6.5,111.8,6.5,not fire
24,08,2015,19,82,1.4,0,87.1,105.3,567.3,6.4,111.6,6.4,not fire
25,08,2015,19,81,1.4,0,87,105,567.1,6.3,111.3,6.3,not fire
26,08,2015,19,81,1.4,0,86.9,104.7,566.8,6.2,111,6.2,not fire
27,08,2015,19,81,1.4,0,86.8,104.4,566.5,6.1,110.7,6.1,not fire
28,08,2015,19,80,1.4,0,86.7,104.1,566.2,6,110.4,6,not fire
29,08,2015,19,80,1.4,0,86.6,103.8,566,5.9,110.2,5.9,not fire
30,08,2015,19,80,1.4,0,86.5,103.5,565.7,5.8,109.9,5.8,not fire
31,08,2015,19,80,1.4,0,86.4,103.2,565.4,5.7,109.6,5.7,not fire
01,09,2015,19,79,1.4,0,86.3,102.9,565.1,5.6,109.3,5.6,not fire
02,09,2015,19,79,1.4,0,86.2,102.6,564.8,5.5,109,5.5,not fire
03,09,2015,19,78,1.4,0,86.1,102.3,564.5,5.4,108.7,5.4,not fire
04,09,2015,19,78,1.4,0,86,102,564.2,5.3,108.5,5.3,not fire
05,09,2015,19,78,1.4,0,85.9,101.7,564,5.2,108.2,5.2,not fire
06,09,2015,19,77,1.4,0,85.8,101.4,563.7,5.1,107.9,5.1,not fire
07,09,2015,19,77,1.4,0,85.7,101.1,563.4,5,107.6,5,not fire
08,09,2015,19,77,1.4,0,85.6,100.8,563.1,4.9,107.3,4.9,not fire
09,09,2015,19,76,1.4,0,85.5,100.5,562.9,4.8,107.1,4.8,not fire
10,09,2015,19,76,1.4,0,85.4,100.2,562.6,4.7,106.8,4.7,not fire
11,09,2015,19,76,1.4,0,85.3,99.9,562.3,4.6,106.5,4.6,not fire
12,09,2015,19,75,1.4,0,85.2,99.6,562,4.5,106.2,4.5,not fire
13,09,2015,19,75,1.4,0,85.1,99.3,561.7,4.4,106,4.4,not fire
14,09,2015,19,75,1.4,0,85,99,561.4,4.3,105.7,4.3,not fire
15,09,2015,19,74,1.4,0,84.9,98.7,561.2,4.2,105.4,4.2,not fire
16,09,2015,19,74,1.4,0,84.8,98.4,560.9,4.1,105.1,4.1,not fire
17,09,2015,19,74,1.4,0,84.7,98.1,560.6,4,104.8,4,not fire
18,09,2015,19,73,1.4,0,84.6,97.8,560.3,3.9,104.5,3.9,not fire
19,09,2015,19,73,1.4,0,84.5,97.5,560.1,3.8,104.3,3.8,not fire
20,09,2015,19,73,1.4,0,84.4,97.2,559.8,3.7,104,3.7,not fire
21,09,2015,19,72,1.4,0,84.3,96.9,559.5,3.6,103.7,3.6,not fire
22,09,2015,19,72,1.4,0,84.2,96.6,559.2,3.5,103.4,3.5,not fire
23,09,2015,19,72,1.4,0,84.1,96.3,558.9,3.4,103.1,3.4,not fire
24,09,2015,19,71,1.4,0,84,96,558.6,3.3,102.8,3.3,not fire
25,09,2015,19,71,1.4,0,83.9,95.7,558.4,3.2,102.6,3.2,not fire
26,09,2015,19,71,1.4,0,83.8,95.4,558.1,3.1,102.3,3.1,not fire
27,09,2015,19,70,1.4,0,83.7,95.1,557.8,3,102,3,not fire
28,09,2015,19,70,1.4,0,83.6,94.8,557.5,2.9,101.7,2.9,not fire
29,09,2015,19,70,1.4,0,83.5,94.5,557.2,2.8,101.4,2.8,not fire
30,09,2015,19,69,1.4,0,83.4,94.2,556.9,2.7,101.1,2.7,not fire
01,10,2015,19,69,1.4,0,83.3,93.9,556.7,2.6,100.8,2.6,not fire
02,10,2015,19,69,1.4,0,83.2,93.6,556.4,2.5,100.6,2.5,not fire
03,10,2015,19,69,1.4,0,83.1,93.3,556.1,2.4,100.3,2.4,not fire
04,10,2015,19,68,1.4,0,83,93,555.8,2.3,100,2.3,not fire
05,10,2015,19,68,1.4,0,82.9,92.7,555.5,2.2,99.7,2.2,not fire
06,10,2015,19,68,1.4,0,82.8,92.4,555.2,2.1,99.4,2.1,not fire
07,10,2015,19,67,1.4,0,82.7,92.1,554.9,2,99.1,2,not fire
08,10,2015,19,67,1.4,0,82.6,91.8,554.6,1.9,98.8,1.9,not fire
09,10,2015,19,67,1.4,0,82.5,91.5,554.4,1.8,98.5,1.8,not fire
10,10,2015,19,66,1.4,0,82.4,91.2,554.1,1.7,98.2,1.7,not fire
11,10,2015,19,66,1.4,0,82.3,90.9,553.8,1.6,97.9,1.6,not fire
12,10,2015,19,66,1.4,0,82.2,90.6,553.5,1.5,97.6,1.5,not fire
13,10,2015,19,65,1.4,0,82.1,90.3,553.2,1.4,97.3,1.4,not fire
14,10,2015,19,65,1.4,0,82,90,552.9,1.3,97,1.3,not fire
15,10,2015,19,65,1.4,0,81.9,89.7,552.7,1.2,96.8,1.2,not fire
16,10,2015,19,64,1.4,0,81.8,89.4,552.4,1.1,96.5,1.1,not fire
17,10,2015,19,64,1.4,0,81.7,89.1,552.1,1,96.2,1,not fire
18,10,2015,19,64,1.4,0,81.6,88.8,551.8,0.9,95.9,0.9,not fire
19,10,2015,19,63,1.4,0,81.5,88.5,551.5,0.8,95.6,0.8,not fire
20,10,2015,19,63,1.4,0,81.4,88.2,551.3,0.7,95.3,0.7,not fire
21,10,2015,19,63,1.4,0,81.3,88,551,0.6,95.1,0.6,not fire
22,10,2015,19,62,1.4,0,81.2,87.7,550.7,0.5,94.8,0.5,not fire
23,10,2015,19,62,1.4,0,81.1,87.4,550.4,0.4,94.5,0.4,not fire
24,10,2015,19,62,1.4,0,81,87.1,550.1,0.3,94.2,0.3,not fire
25,10,2015,19,61,1.4,0,80.9,86.8,549.9,0.2,93.9,0.2,not fire
26,10,2015,19,61,1.4,0,80.8,86.5,549.6,0.1,93.6,0.1,not fire
27,10,2015,19,61,1.4,0,80.7,86.2,549.3,0,93.3,0,not fire
28,10,2015,19,61,1.4,0,80.6,86,549,0,93.1,0,not fire
29,10,2015,19,60,1.4,0,80.5,85.7,548.7,0,92.8,0,not fire
30,10,2015,19,60,1.4,0,80.4,85.4,548.4,0,92.5,0,not fire
31,10,2015,19,60,1.4,0,80.3,85.1,548.1,0,92.2,0,not fire
1,11,2015,18,60,1.4,0,80.2,84.8,547.8,0,92,0,not fire
2,11,2015,18,60,1.4,0,80.1,84.5,547.5,0,91.7,0,not fire
3,11,2015,18,60,1.4,0,80,84.2,547.2,0,91.4,0,not fire
4,11,2015,18,59,1.4,0,79.9,83.9,546.9,0,91.1,0,not fire
5,11,2015,18,59,1.4,0,79.8,83.7,546.7,0,90.8,0,not fire
6,11,2015,18,59,1.4,0,79.7,83.4,546.4,0,90.5,0,not fire
7,11,2015,18,59,1.4,0,79.6,83.1,546.1,0,90.2,0,not fire
8,11,2015,18,58,1.4,0,79.5,82.8,545.8,0,89.9,0,not fire
9,11,2015,18,58,1.4,0,79.4,82.5,545.6,0,89.7,0,not fire
10,11,2015,18,58,1.4,0,79.3,82.3,545.3,0,89.4,0,not fire
11,11,2015,18,58,1.4,0,79.2,82,545,0,89.1,0,not fire
12,11,2015,18,57,1.4,0,79.1,81.7,544.7,0,88.8,0,not fire
13,11,2015,18,57,1.4,0,79,81.4,544.4,0,88.5,0,not fire
14,11,2015,18,57,1.4,0,78.9,81.1,544.1,0,88.2,0,not fire
15,11,2015,18,57,1.4,0,78.8,80.8,543.8,0,87.9,0,not fire
16,11,2015,18,56,1.4,0,78.7,80.6,543.6,0,87.7,0,not fire
17,11,2015,18,56,1.4,0,78.6,80.3,543.3,0,87.4,0,not fire
18,11,2015,18,56,1.4,0,78.5,80,543,0,87.1,0,not fire
19,11,2015,18,56,1.4,0,78.4,79.7,542.7,0,86.8,0,not fire
20,11,2015,18,55,1.4,0,78.3,79.4,542.4,0,86.5,0,not fire
21,11,2015,18,55,1.4,0,78.2,79.1,542.1,0,86.2,0,not fire
22,11,2015,18,55,1.4,0,78.1,78.8,541.8,0,85.9,0,not fire
23,11,2015,18,55,1.4,0,78,78.5,541.6,0,85.7,0,not fire
24,11,2015,18,54,1.4,0,77.9,78.3,541.3,0,85.4,0,not fire
25,11,2015,18,54,1.4,0,77.8,78,541,0,85.1,0,not fire
26,11,2015,18,54,1.4,0,77.7,77.7,540.7,0,84.8,0,not fire
27,11,2015,18,54,1.4,0,77.6,77.4,540.4,0,84.5,0,not fire
28,11,2015,18,53,1.4,0,77.5,77.1,540.1,0,84.2,0,not fire
29,11,2015,18,53,1.4,0,77.4,76.8,539.8,0,83.9,0,not fire
30,11,2015,18,53,1.4,0,77.3,76.6,539.6,0,83.7,0,not fire
1,12,2015,18,53,1.4,0,77.2,76.3,539.3,0,83.4,0,not fire
2,12,2015,18,53,1.4,0,77.1,76,539,0,83.1,0,not fire
3,12,2015,18,53,1.4,0,77,75.7,538.7,0,82.8,0,not fire
4,12,2015,18,53,1.4,0,76.9,75.4,538.4,0,82.5,0,not fire
5,12,2015,18,53,1.4,0,76.8,75.2,538.2,0,82.3,0,not fire
6,12,2015,18,52,1.4,0,76.7,74.9,537.9,0,82,0,not fire
7,12,2015,18,52,1.4,0,76.6,74.6,537.6,0,81.7,0,not fire
8,12,2015,18,52,1.4,0,76.5,74.3,537.3,0,81.4,0,not fire
9,12,2015,18,52,1.4,0,76.4,74,537,0,81.1,0,not fire
10,12,2015,18,52,1.4,0,76.3,73.7,536.7,0,80.8,0,not fire
11,12,2015,18,52,1.4,0,76.2,73.4,536.4,0,80.5,0,not fire
12,12,2015,18,51,1.4,0,76.1,73.1,536.1,0,80.2,0,not fire
13,12,2015,18,51,1.4,0,76,72.8,535.8,0,79.9,0,not fire
14,12,2015,18,51,1.4,0,75.9,72.5,535.5,0,79.6,0,not fire
15,12,2015,18,51,1.4,0,75.8,72.2,535.2,0,79.3,0,not fire
16,12,2015,18,51,1.4,0,75.7,71.9,535,0,79.1,0,not fire
17,12,2015,18,51,1.4,0,75.6,71.6,534.7,0,78.8,0,not fire
18,12,2015,18,51,1.4,0,75.5,71.3,534.4,0,78.5,0,not fire
19,12,2015,18,50,1.4,0,75.4,71,534.1,0,78.2,0,not fire
20,12,2015,18,50,1.4,0,75.3,70.7,533.8,0,77.9,0,not fire
21,12,2015,18,50,1.4,0,75.2,70.4,533.5,0,77.6,0,not fire
22,12,2015,18,50,1.4,0,75.1,70.1,533.2,0,77.3,0,not fire
23,12,2015,18,50,1.4,0,75,69.8,533,0,77.1,0,not fire
24,12,2015,18,50,1.4,0,74.9,69.5,532.7,0,76.8,0,not fire
25,12,2015,18,50,1.4,0,74.8,69.2,532.4,0,76.5,0,not fire
26,12,2015,18,50,1.4,0,74.7,68.9,532.1,0,76.2,0,not fire
27,12,2015,18,49,1.4,0,74.6,68.6,531.8,0,75.9,0,not fire
28,12,2015,18,49,1.4,0,74.5,68.3,531.5,0,75.6,0,not fire
29,12,2015,18,49,1.4,0,74.4,68,531.2,0,75.3,0,not fire
30,12,2015,18,49,1.4,0,74.3,67.7,530.9,0,75,0,not fire
31,12,2015,18,49,1.4,0,74.2,67.4,530.6,0,74.7,0,not fire